-- MySQL dump 10.13  Distrib 8.0.43, for Win64 (x86_64)
--
-- Host: 127.0.0.1    Database: hospital_system
-- ------------------------------------------------------
-- Server version	8.0.43

/*!40101 SET @OLD_CHARACTER_SET_CLIENT=@@CHARACTER_SET_CLIENT */;
/*!40101 SET @OLD_CHARACTER_SET_RESULTS=@@CHARACTER_SET_RESULTS */;
/*!40101 SET @OLD_COLLATION_CONNECTION=@@COLLATION_CONNECTION */;
/*!50503 SET NAMES utf8mb4 */;
/*!40103 SET @OLD_TIME_ZONE=@@TIME_ZONE */;
/*!40103 SET TIME_ZONE='+00:00' */;
/*!40014 SET @OLD_UNIQUE_CHECKS=@@UNIQUE_CHECKS, UNIQUE_CHECKS=0 */;
/*!40014 SET @OLD_FOREIGN_KEY_CHECKS=@@FOREIGN_KEY_CHECKS, FOREIGN_KEY_CHECKS=0 */;
/*!40101 SET @OLD_SQL_MODE=@@SQL_MODE, SQL_MODE='NO_AUTO_VALUE_ON_ZERO' */;
/*!40111 SET @OLD_SQL_NOTES=@@SQL_NOTES, SQL_NOTES=0 */;

--
-- Table structure for table `audit_log`
--

DROP TABLE IF EXISTS `audit_log`;
/*!40101 SET @saved_cs_client     = @@character_set_client */;
/*!50503 SET character_set_client = utf8mb4 */;
CREATE TABLE `audit_log` (
  `LogID` int NOT NULL AUTO_INCREMENT,
  `TableName` varchar(50) DEFAULT NULL,
  `Action` varchar(20) DEFAULT NULL,
  `OldValue` text,
  `NewValue` text,
  `ActionTime` timestamp NULL DEFAULT CURRENT_TIMESTAMP,
  `UserName` varchar(50) DEFAULT NULL,
  PRIMARY KEY (`LogID`)
) ENGINE=InnoDB DEFAULT CHARSET=utf8mb4 COLLATE=utf8mb4_0900_ai_ci;
/*!40101 SET character_set_client = @saved_cs_client */;

--
-- Dumping data for table `audit_log`
--

/*!40000 ALTER TABLE `audit_log` DISABLE KEYS */;
/*!40000 ALTER TABLE `audit_log` ENABLE KEYS */;

--
-- Table structure for table `billing`
--

DROP TABLE IF EXISTS `billing`;
/*!40101 SET @saved_cs_client     = @@character_set_client */;
/*!50503 SET character_set_client = utf8mb4 */;
CREATE TABLE `billing` (
  `BillingID` int NOT NULL AUTO_INCREMENT,
  `VisitID` int NOT NULL,
  `BillingAmount` decimal(10,2) DEFAULT NULL,
  `InsuranceProvider` varchar(100) DEFAULT NULL,
  PRIMARY KEY (`BillingID`),
  UNIQUE KEY `VisitID` (`VisitID`),
  CONSTRAINT `billing_ibfk_1` FOREIGN KEY (`VisitID`) REFERENCES `visits` (`VisitID`)
) ENGINE=InnoDB AUTO_INCREMENT=202 DEFAULT CHARSET=utf8mb4 COLLATE=utf8mb4_0900_ai_ci;
/*!40101 SET character_set_client = @saved_cs_client */;

--
-- Dumping data for table `billing`
--

/*!40000 ALTER TABLE `billing` DISABLE KEYS */;
INSERT INTO `billing` VALUES (1,1,18856.28,'Blue Cross'),(2,2,33643.33,'Medicare'),(3,3,27955.10,'Aetna'),(4,4,37909.78,'Medicare'),(5,5,14238.32,'Aetna'),(6,6,48145.11,'UnitedHealthcare'),(7,7,19580.87,'Medicare'),(8,8,45820.46,'Cigna'),(9,9,50119.22,'Cigna'),(10,10,19784.63,'UnitedHealthcare'),(11,11,12576.80,'Medicare'),(12,12,7999.59,'Medicare'),(13,13,43282.28,'Cigna'),(14,14,33207.71,'UnitedHealthcare'),(15,15,40701.60,'UnitedHealthcare'),(16,16,12263.36,'Blue Cross'),(17,17,24499.85,'UnitedHealthcare'),(18,18,17440.47,'Cigna'),(19,19,18843.02,'Blue Cross'),(20,20,23762.20,'Cigna'),(21,21,42.51,'Blue Cross'),(22,22,17695.91,'Aetna'),(23,23,5998.10,'Aetna'),(24,24,25250.05,'Aetna'),(25,25,33211.30,'Medicare'),(26,26,19746.83,'Medicare'),(27,27,26786.53,'Blue Cross'),(28,28,18834.80,'UnitedHealthcare'),(29,29,32643.30,'Cigna'),(30,30,5767.01,'Aetna'),(31,31,47909.13,'Cigna'),(32,32,25835.32,'UnitedHealthcare'),(33,33,17993.23,'Medicare'),(34,34,21185.95,'Medicare'),(35,35,8408.95,'Blue Cross'),(36,36,45453.42,'Medicare'),(37,37,4397.78,'Aetna'),(38,38,9380.33,'Aetna'),(39,39,48290.69,'Cigna'),(40,40,32973.94,'Medicare'),(41,41,49943.28,'Cigna'),(42,42,35633.96,'Cigna'),(43,43,25966.33,'Cigna'),(44,44,21784.45,'UnitedHealthcare'),(45,45,42684.56,'Medicare'),(46,46,45585.89,'Medicare'),(47,47,29615.44,'Cigna'),(48,48,36992.27,'Cigna'),(49,49,28051.50,'UnitedHealthcare'),(50,50,16320.23,'Cigna'),(51,51,30590.54,'Medicare'),(52,52,14681.02,'Aetna'),(53,53,21879.53,'Aetna'),(54,54,6767.63,'UnitedHealthcare'),(55,55,19973.46,'Cigna'),(56,56,14362.31,'UnitedHealthcare'),(57,57,10300.66,'Cigna'),(58,58,37951.66,'Aetna'),(59,59,6733.99,'Aetna'),(60,60,17839.75,'Aetna'),(61,61,24637.09,'Aetna'),(62,62,39723.17,'UnitedHealthcare'),(63,63,48407.39,'UnitedHealthcare'),(64,64,5517.39,'Cigna'),(65,65,19183.17,'Medicare'),(66,66,8320.66,'Medicare'),(67,67,10107.19,'Medicare'),(68,68,49402.30,'Cigna'),(69,69,35776.82,'UnitedHealthcare'),(70,70,20227.86,'Medicare'),(71,71,19328.12,'Blue Cross'),(72,72,46956.55,'Aetna'),(73,73,10709.69,'Cigna'),(74,74,45353.99,'Aetna'),(75,75,8451.00,'Aetna'),(76,76,29850.88,'UnitedHealthcare'),(77,77,42696.52,'Blue Cross'),(78,78,2305.14,'Cigna'),(79,79,44437.47,'UnitedHealthcare'),(80,80,29504.39,'UnitedHealthcare'),(81,81,34617.79,'Blue Cross'),(82,82,46814.01,'Aetna'),(83,83,20257.54,'Blue Cross'),(84,84,22841.36,'Cigna'),(85,85,10283.72,'Medicare'),(86,86,1586.48,'UnitedHealthcare'),(87,87,34774.35,'Aetna'),(88,88,24870.10,'UnitedHealthcare'),(89,89,39476.95,'Cigna'),(90,90,26062.43,'Blue Cross'),(91,91,25302.11,'Medicare'),(92,92,10661.51,'UnitedHealthcare'),(93,93,30358.19,'Blue Cross'),(94,94,23684.53,'Cigna'),(95,95,3908.95,'Aetna'),(96,96,25503.67,'Medicare'),(97,97,6312.61,'Aetna'),(98,98,21772.34,'UnitedHealthcare'),(99,99,30437.00,'Blue Cross'),(100,100,28837.68,'UnitedHealthcare'),(101,101,25425.73,'Cigna'),(102,102,7187.27,'Aetna'),(103,103,3125.74,'UnitedHealthcare'),(104,104,31516.10,'Medicare'),(105,105,40014.76,'UnitedHealthcare'),(106,106,40782.93,'Medicare'),(107,107,3879.08,'Cigna'),(108,108,24948.48,'Medicare'),(109,109,37734.74,'Cigna'),(110,110,27360.46,'UnitedHealthcare'),(111,111,37405.70,'Aetna'),(112,112,31485.97,'Medicare'),(113,113,23737.40,'Medicare'),(114,114,3326.38,'Aetna'),(115,115,23067.67,'Medicare'),(116,116,8521.21,'Aetna'),(117,117,47985.17,'Cigna'),(118,118,25230.25,'UnitedHealthcare'),(119,119,10352.21,'Blue Cross'),(120,120,6175.87,'Medicare'),(121,121,23499.94,'Blue Cross'),(122,122,33681.57,'Medicare'),(123,123,39957.94,'Aetna'),(124,124,49833.71,'UnitedHealthcare'),(125,125,48175.47,'Aetna'),(126,126,40133.97,'UnitedHealthcare'),(127,127,9585.95,'Aetna'),(128,128,40693.35,'Medicare'),(129,129,16399.27,'UnitedHealthcare'),(130,130,44939.57,'Blue Cross'),(131,131,10663.91,'Blue Cross'),(132,132,22564.79,'Cigna'),(133,133,-502.51,'Aetna'),(134,134,34758.26,'Cigna'),(135,135,46377.87,'UnitedHealthcare'),(136,136,7555.77,'Blue Cross'),(137,137,14299.99,'UnitedHealthcare'),(138,138,46429.51,'Cigna'),(139,139,17978.95,'Medicare'),(140,140,32629.07,'Medicare'),(141,141,22356.23,'Medicare'),(142,142,48995.98,'Medicare'),(143,143,4532.48,'UnitedHealthcare'),(144,144,35521.58,'Medicare'),(145,145,1589.50,'Aetna'),(146,146,22950.65,'Medicare'),(147,147,2678.95,'Aetna'),(148,148,39615.60,'UnitedHealthcare'),(149,149,13355.78,'Medicare'),(150,150,32561.53,'Aetna'),(151,151,29221.34,'Medicare'),(152,152,12880.65,'Medicare'),(153,153,15475.40,'Aetna'),(154,154,27309.44,'Medicare'),(155,155,1897.89,'Medicare'),(156,156,31308.21,'Aetna'),(157,157,42792.24,'Medicare'),(158,158,14377.33,'Cigna'),(159,159,1150.87,'UnitedHealthcare'),(160,160,41939.12,'Medicare'),(161,161,41982.37,'UnitedHealthcare'),(162,162,33861.02,'Cigna'),(163,163,49321.16,'Aetna'),(164,164,47433.28,'Cigna'),(165,165,19065.06,'Medicare'),(166,166,50142.03,'Cigna'),(167,167,12081.68,'Aetna'),(168,168,18030.79,'Aetna'),(169,169,5142.16,'Medicare'),(170,170,19851.24,'UnitedHealthcare'),(171,171,20545.87,'Cigna'),(172,172,36869.73,'Cigna'),(173,173,40598.42,'Cigna'),(174,174,18198.06,'Aetna'),(175,175,4920.04,'Blue Cross'),(176,176,3864.14,'UnitedHealthcare'),(177,177,21562.86,'Blue Cross'),(178,178,11815.20,'Medicare'),(179,179,25796.87,'Cigna'),(180,180,4266.78,'UnitedHealthcare'),(181,181,4751.16,'Cigna'),(182,182,17968.50,'Aetna'),(183,183,11311.33,'Cigna'),(184,184,47242.22,'Blue Cross'),(185,185,17670.51,'Cigna'),(186,186,5714.75,'Medicare'),(187,187,5985.98,'Cigna'),(188,188,27385.74,'Blue Cross'),(189,189,3730.00,'UnitedHealthcare'),(190,190,22480.97,'Blue Cross'),(191,191,35022.32,'Aetna'),(192,192,45072.42,'Blue Cross'),(193,193,45902.71,'UnitedHealthcare'),(194,194,28899.19,'Medicare'),(195,195,39003.18,'Blue Cross'),(196,196,10348.82,'Blue Cross'),(197,197,14371.54,'UnitedHealthcare'),(198,198,13769.40,'UnitedHealthcare'),(199,199,35868.54,'Aetna'),(200,200,35205.28,'Blue Cross'),(201,201,21576.50,'Blue Cross');
/*!40000 ALTER TABLE `billing` ENABLE KEYS */;
/*!50003 SET @saved_cs_client      = @@character_set_client */ ;
/*!50003 SET @saved_cs_results     = @@character_set_results */ ;
/*!50003 SET @saved_col_connection = @@collation_connection */ ;
/*!50003 SET character_set_client  = utf8mb4 */ ;
/*!50003 SET character_set_results = utf8mb4 */ ;
/*!50003 SET collation_connection  = utf8mb4_unicode_ci */ ;
/*!50003 SET @saved_sql_mode       = @@sql_mode */ ;
/*!50003 SET sql_mode              = 'IGNORE_SPACE,ONLY_FULL_GROUP_BY,STRICT_TRANS_TABLES,NO_ZERO_IN_DATE,NO_ZERO_DATE,ERROR_FOR_DIVISION_BY_ZERO,NO_ENGINE_SUBSTITUTION' */ ;
DELIMITER ;;
/*!50003 CREATE*/ /*!50017 DEFINER=`root`@`localhost`*/ /*!50003 TRIGGER `after_billing_insert` AFTER INSERT ON `billing` FOR EACH ROW BEGIN
    INSERT INTO BillingAudit (BillingID, VisitID, BillingClerkID, ActionType, NewAmount, ActionTime)
    VALUES (NEW.BillingID, NEW.VisitID,
            (SELECT UserID FROM SystemUsers WHERE Role='BillingClerk' LIMIT 1),
            'INSERT', NEW.BillingAmount, NOW());
END */;;
DELIMITER ;
/*!50003 SET sql_mode              = @saved_sql_mode */ ;
/*!50003 SET character_set_client  = @saved_cs_client */ ;
/*!50003 SET character_set_results = @saved_cs_results */ ;
/*!50003 SET collation_connection  = @saved_col_connection */ ;
/*!50003 SET @saved_cs_client      = @@character_set_client */ ;
/*!50003 SET @saved_cs_results     = @@character_set_results */ ;
/*!50003 SET @saved_col_connection = @@collation_connection */ ;
/*!50003 SET character_set_client  = utf8mb4 */ ;
/*!50003 SET character_set_results = utf8mb4 */ ;
/*!50003 SET collation_connection  = utf8mb4_unicode_ci */ ;
/*!50003 SET @saved_sql_mode       = @@sql_mode */ ;
/*!50003 SET sql_mode              = 'IGNORE_SPACE,ONLY_FULL_GROUP_BY,STRICT_TRANS_TABLES,NO_ZERO_IN_DATE,NO_ZERO_DATE,ERROR_FOR_DIVISION_BY_ZERO,NO_ENGINE_SUBSTITUTION' */ ;
DELIMITER ;;
/*!50003 CREATE*/ /*!50017 DEFINER=`root`@`localhost`*/ /*!50003 TRIGGER `after_billing_update` AFTER UPDATE ON `billing` FOR EACH ROW BEGIN
    INSERT INTO BillingAudit (BillingID, VisitID, BillingClerkID, ActionType, OldAmount, NewAmount, ActionTime)
    VALUES (OLD.BillingID, OLD.VisitID,
            (SELECT UserID FROM SystemUsers WHERE Role='BillingClerk' LIMIT 1),
            'UPDATE', OLD.BillingAmount, NEW.BillingAmount, NOW());
END */;;
DELIMITER ;
/*!50003 SET sql_mode              = @saved_sql_mode */ ;
/*!50003 SET character_set_client  = @saved_cs_client */ ;
/*!50003 SET character_set_results = @saved_cs_results */ ;
/*!50003 SET collation_connection  = @saved_col_connection */ ;

--
-- Table structure for table `billing_backup`
--

DROP TABLE IF EXISTS `billing_backup`;
/*!40101 SET @saved_cs_client     = @@character_set_client */;
/*!50503 SET character_set_client = utf8mb4 */;
CREATE TABLE `billing_backup` (
  `BillingID` int NOT NULL AUTO_INCREMENT,
  `VisitID` int NOT NULL,
  `BillingAmount` decimal(10,2) DEFAULT NULL,
  `InsuranceProvider` varchar(100) DEFAULT NULL,
  PRIMARY KEY (`BillingID`),
  UNIQUE KEY `VisitID` (`VisitID`)
) ENGINE=InnoDB AUTO_INCREMENT=202 DEFAULT CHARSET=utf8mb4 COLLATE=utf8mb4_0900_ai_ci;
/*!40101 SET character_set_client = @saved_cs_client */;

--
-- Dumping data for table `billing_backup`
--

/*!40000 ALTER TABLE `billing_backup` DISABLE KEYS */;
INSERT INTO `billing_backup` VALUES (1,1,18856.28,'Blue Cross'),(2,2,33643.33,'Medicare'),(3,3,27955.10,'Aetna'),(4,4,37909.78,'Medicare'),(5,5,14238.32,'Aetna'),(6,6,48145.11,'UnitedHealthcare'),(7,7,19580.87,'Medicare'),(8,8,45820.46,'Cigna'),(9,9,50119.22,'Cigna'),(10,10,19784.63,'UnitedHealthcare'),(11,11,12576.80,'Medicare'),(12,12,7999.59,'Medicare'),(13,13,43282.28,'Cigna'),(14,14,33207.71,'UnitedHealthcare'),(15,15,40701.60,'UnitedHealthcare'),(16,16,12263.36,'Blue Cross'),(17,17,24499.85,'UnitedHealthcare'),(18,18,17440.47,'Cigna'),(19,19,18843.02,'Blue Cross'),(20,20,23762.20,'Cigna'),(21,21,42.51,'Blue Cross'),(22,22,17695.91,'Aetna'),(23,23,5998.10,'Aetna'),(24,24,25250.05,'Aetna'),(25,25,33211.30,'Medicare'),(26,26,19746.83,'Medicare'),(27,27,26786.53,'Blue Cross'),(28,28,18834.80,'UnitedHealthcare'),(29,29,32643.30,'Cigna'),(30,30,5767.01,'Aetna'),(31,31,47909.13,'Cigna'),(32,32,25835.32,'UnitedHealthcare'),(33,33,17993.23,'Medicare'),(34,34,21185.95,'Medicare'),(35,35,8408.95,'Blue Cross'),(36,36,45453.42,'Medicare'),(37,37,4397.78,'Aetna'),(38,38,9380.33,'Aetna'),(39,39,48290.69,'Cigna'),(40,40,32973.94,'Medicare'),(41,41,49943.28,'Cigna'),(42,42,35633.96,'Cigna'),(43,43,25966.33,'Cigna'),(44,44,21784.45,'UnitedHealthcare'),(45,45,42684.56,'Medicare'),(46,46,45585.89,'Medicare'),(47,47,29615.44,'Cigna'),(48,48,36992.27,'Cigna'),(49,49,28051.50,'UnitedHealthcare'),(50,50,16320.23,'Cigna'),(51,51,30590.54,'Medicare'),(52,52,14681.02,'Aetna'),(53,53,21879.53,'Aetna'),(54,54,6767.63,'UnitedHealthcare'),(55,55,19973.46,'Cigna'),(56,56,14362.31,'UnitedHealthcare'),(57,57,10300.66,'Cigna'),(58,58,37951.66,'Aetna'),(59,59,6733.99,'Aetna'),(60,60,17839.75,'Aetna'),(61,61,24637.09,'Aetna'),(62,62,39723.17,'UnitedHealthcare'),(63,63,48407.39,'UnitedHealthcare'),(64,64,5517.39,'Cigna'),(65,65,19183.17,'Medicare'),(66,66,8320.66,'Medicare'),(67,67,10107.19,'Medicare'),(68,68,49402.30,'Cigna'),(69,69,35776.82,'UnitedHealthcare'),(70,70,20227.86,'Medicare'),(71,71,19328.12,'Blue Cross'),(72,72,46956.55,'Aetna'),(73,73,10709.69,'Cigna'),(74,74,45353.99,'Aetna'),(75,75,8451.00,'Aetna'),(76,76,29850.88,'UnitedHealthcare'),(77,77,42696.52,'Blue Cross'),(78,78,2305.14,'Cigna'),(79,79,44437.47,'UnitedHealthcare'),(80,80,29504.39,'UnitedHealthcare'),(81,81,34617.79,'Blue Cross'),(82,82,46814.01,'Aetna'),(83,83,20257.54,'Blue Cross'),(84,84,22841.36,'Cigna'),(85,85,10283.72,'Medicare'),(86,86,1586.48,'UnitedHealthcare'),(87,87,34774.35,'Aetna'),(88,88,24870.10,'UnitedHealthcare'),(89,89,39476.95,'Cigna'),(90,90,26062.43,'Blue Cross'),(91,91,25302.11,'Medicare'),(92,92,10661.51,'UnitedHealthcare'),(93,93,30358.19,'Blue Cross'),(94,94,23684.53,'Cigna'),(95,95,3908.95,'Aetna'),(96,96,25503.67,'Medicare'),(97,97,6312.61,'Aetna'),(98,98,21772.34,'UnitedHealthcare'),(99,99,30437.00,'Blue Cross'),(100,100,28837.68,'UnitedHealthcare'),(101,101,25425.73,'Cigna'),(102,102,7187.27,'Aetna'),(103,103,3125.74,'UnitedHealthcare'),(104,104,31516.10,'Medicare'),(105,105,40014.76,'UnitedHealthcare'),(106,106,40782.93,'Medicare'),(107,107,3879.08,'Cigna'),(108,108,24948.48,'Medicare'),(109,109,37734.74,'Cigna'),(110,110,27360.46,'UnitedHealthcare'),(111,111,37405.70,'Aetna'),(112,112,31485.97,'Medicare'),(113,113,23737.40,'Medicare'),(114,114,3326.38,'Aetna'),(115,115,23067.67,'Medicare'),(116,116,8521.21,'Aetna'),(117,117,47985.17,'Cigna'),(118,118,25230.25,'UnitedHealthcare'),(119,119,10352.21,'Blue Cross'),(120,120,6175.87,'Medicare'),(121,121,23499.94,'Blue Cross'),(122,122,33681.57,'Medicare'),(123,123,39957.94,'Aetna'),(124,124,49833.71,'UnitedHealthcare'),(125,125,48175.47,'Aetna'),(126,126,40133.97,'UnitedHealthcare'),(127,127,9585.95,'Aetna'),(128,128,40693.35,'Medicare'),(129,129,16399.27,'UnitedHealthcare'),(130,130,44939.57,'Blue Cross'),(131,131,10663.91,'Blue Cross'),(132,132,22564.79,'Cigna'),(133,133,-502.51,'Aetna'),(134,134,34758.26,'Cigna'),(135,135,46377.87,'UnitedHealthcare'),(136,136,7555.77,'Blue Cross'),(137,137,14299.99,'UnitedHealthcare'),(138,138,46429.51,'Cigna'),(139,139,17978.95,'Medicare'),(140,140,32629.07,'Medicare'),(141,141,22356.23,'Medicare'),(142,142,48995.98,'Medicare'),(143,143,4532.48,'UnitedHealthcare'),(144,144,35521.58,'Medicare'),(145,145,1589.50,'Aetna'),(146,146,22950.65,'Medicare'),(147,147,2678.95,'Aetna'),(148,148,39615.60,'UnitedHealthcare'),(149,149,13355.78,'Medicare'),(150,150,32561.53,'Aetna'),(151,151,29221.34,'Medicare'),(152,152,12880.65,'Medicare'),(153,153,15475.40,'Aetna'),(154,154,27309.44,'Medicare'),(155,155,1897.89,'Medicare'),(156,156,31308.21,'Aetna'),(157,157,42792.24,'Medicare'),(158,158,14377.33,'Cigna'),(159,159,1150.87,'UnitedHealthcare'),(160,160,41939.12,'Medicare'),(161,161,41982.37,'UnitedHealthcare'),(162,162,33861.02,'Cigna'),(163,163,49321.16,'Aetna'),(164,164,47433.28,'Cigna'),(165,165,19065.06,'Medicare'),(166,166,50142.03,'Cigna'),(167,167,12081.68,'Aetna'),(168,168,18030.79,'Aetna'),(169,169,5142.16,'Medicare'),(170,170,19851.24,'UnitedHealthcare'),(171,171,20545.87,'Cigna'),(172,172,36869.73,'Cigna'),(173,173,40598.42,'Cigna'),(174,174,18198.06,'Aetna'),(175,175,4920.04,'Blue Cross'),(176,176,3864.14,'UnitedHealthcare'),(177,177,21562.86,'Blue Cross'),(178,178,11815.20,'Medicare'),(179,179,25796.87,'Cigna'),(180,180,4266.78,'UnitedHealthcare'),(181,181,4751.16,'Cigna'),(182,182,17968.50,'Aetna'),(183,183,11311.33,'Cigna'),(184,184,47242.22,'Blue Cross'),(185,185,17670.51,'Cigna'),(186,186,5714.75,'Medicare'),(187,187,5985.98,'Cigna'),(188,188,27385.74,'Blue Cross'),(189,189,3730.00,'UnitedHealthcare'),(190,190,22480.97,'Blue Cross'),(191,191,35022.32,'Aetna'),(192,192,45072.42,'Blue Cross'),(193,193,45902.71,'UnitedHealthcare'),(194,194,28899.19,'Medicare'),(195,195,39003.18,'Blue Cross'),(196,196,10348.82,'Blue Cross'),(197,197,14371.54,'UnitedHealthcare'),(198,198,13769.40,'UnitedHealthcare'),(199,199,35868.54,'Aetna'),(200,200,35205.28,'Blue Cross'),(201,201,21576.50,'Blue Cross');
/*!40000 ALTER TABLE `billing_backup` ENABLE KEYS */;

--
-- Table structure for table `billingaudit`
--

DROP TABLE IF EXISTS `billingaudit`;
/*!40101 SET @saved_cs_client     = @@character_set_client */;
/*!50503 SET character_set_client = utf8mb4 */;
CREATE TABLE `billingaudit` (
  `AuditID` int NOT NULL AUTO_INCREMENT,
  `BillingID` int DEFAULT NULL,
  `VisitID` int DEFAULT NULL,
  `BillingClerkID` int DEFAULT NULL,
  `ActionType` enum('INSERT','UPDATE') DEFAULT NULL,
  `OldAmount` decimal(10,2) DEFAULT NULL,
  `NewAmount` decimal(10,2) DEFAULT NULL,
  `ActionTime` timestamp NULL DEFAULT CURRENT_TIMESTAMP,
  PRIMARY KEY (`AuditID`)
) ENGINE=InnoDB AUTO_INCREMENT=403 DEFAULT CHARSET=utf8mb4 COLLATE=utf8mb4_0900_ai_ci;
/*!40101 SET character_set_client = @saved_cs_client */;

--
-- Dumping data for table `billingaudit`
--

/*!40000 ALTER TABLE `billingaudit` DISABLE KEYS */;
INSERT INTO `billingaudit` VALUES (1,1,1,2,'INSERT',NULL,18856.28,'2025-12-08 12:41:27'),(2,2,2,2,'INSERT',NULL,33643.33,'2025-12-08 12:41:27'),(3,3,3,2,'INSERT',NULL,27955.10,'2025-12-08 12:41:27'),(4,4,4,2,'INSERT',NULL,37909.78,'2025-12-08 12:41:27'),(5,5,5,2,'INSERT',NULL,14238.32,'2025-12-08 12:41:27'),(6,6,6,2,'INSERT',NULL,48145.11,'2025-12-08 12:41:27'),(7,7,7,2,'INSERT',NULL,19580.87,'2025-12-08 12:41:27'),(8,8,8,2,'INSERT',NULL,45820.46,'2025-12-08 12:41:27'),(9,9,9,2,'INSERT',NULL,50119.22,'2025-12-08 12:41:27'),(10,10,10,2,'INSERT',NULL,19784.63,'2025-12-08 12:41:27'),(11,11,11,2,'INSERT',NULL,12576.80,'2025-12-08 12:41:27'),(12,12,12,2,'INSERT',NULL,7999.59,'2025-12-08 12:41:27'),(13,13,13,2,'INSERT',NULL,43282.28,'2025-12-08 12:41:27'),(14,14,14,2,'INSERT',NULL,33207.71,'2025-12-08 12:41:27'),(15,15,15,2,'INSERT',NULL,40701.60,'2025-12-08 12:41:27'),(16,16,16,2,'INSERT',NULL,12263.36,'2025-12-08 12:41:27'),(17,17,17,2,'INSERT',NULL,24499.85,'2025-12-08 12:41:27'),(18,18,18,2,'INSERT',NULL,17440.47,'2025-12-08 12:41:27'),(19,19,19,2,'INSERT',NULL,18843.02,'2025-12-08 12:41:27'),(20,20,20,2,'INSERT',NULL,23762.20,'2025-12-08 12:41:27'),(21,21,21,2,'INSERT',NULL,42.51,'2025-12-08 12:41:27'),(22,22,22,2,'INSERT',NULL,17695.91,'2025-12-08 12:41:27'),(23,23,23,2,'INSERT',NULL,5998.10,'2025-12-08 12:41:27'),(24,24,24,2,'INSERT',NULL,25250.05,'2025-12-08 12:41:27'),(25,25,25,2,'INSERT',NULL,33211.30,'2025-12-08 12:41:27'),(26,26,26,2,'INSERT',NULL,19746.83,'2025-12-08 12:41:27'),(27,27,27,2,'INSERT',NULL,26786.53,'2025-12-08 12:41:27'),(28,28,28,2,'INSERT',NULL,18834.80,'2025-12-08 12:41:27'),(29,29,29,2,'INSERT',NULL,32643.30,'2025-12-08 12:41:27'),(30,30,30,2,'INSERT',NULL,5767.01,'2025-12-08 12:41:27'),(31,31,31,2,'INSERT',NULL,47909.13,'2025-12-08 12:41:27'),(32,32,32,2,'INSERT',NULL,25835.32,'2025-12-08 12:41:27'),(33,33,33,2,'INSERT',NULL,17993.23,'2025-12-08 12:41:27'),(34,34,34,2,'INSERT',NULL,21185.95,'2025-12-08 12:41:27'),(35,35,35,2,'INSERT',NULL,8408.95,'2025-12-08 12:41:27'),(36,36,36,2,'INSERT',NULL,45453.42,'2025-12-08 12:41:27'),(37,37,37,2,'INSERT',NULL,4397.78,'2025-12-08 12:41:27'),(38,38,38,2,'INSERT',NULL,9380.33,'2025-12-08 12:41:27'),(39,39,39,2,'INSERT',NULL,48290.69,'2025-12-08 12:41:27'),(40,40,40,2,'INSERT',NULL,32973.94,'2025-12-08 12:41:27'),(41,41,41,2,'INSERT',NULL,49943.28,'2025-12-08 12:41:27'),(42,42,42,2,'INSERT',NULL,35633.96,'2025-12-08 12:41:27'),(43,43,43,2,'INSERT',NULL,25966.33,'2025-12-08 12:41:27'),(44,44,44,2,'INSERT',NULL,21784.45,'2025-12-08 12:41:27'),(45,45,45,2,'INSERT',NULL,42684.56,'2025-12-08 12:41:27'),(46,46,46,2,'INSERT',NULL,45585.89,'2025-12-08 12:41:27'),(47,47,47,2,'INSERT',NULL,29615.44,'2025-12-08 12:41:27'),(48,48,48,2,'INSERT',NULL,36992.27,'2025-12-08 12:41:27'),(49,49,49,2,'INSERT',NULL,28051.50,'2025-12-08 12:41:27'),(50,50,50,2,'INSERT',NULL,16320.23,'2025-12-08 12:41:27'),(51,51,51,2,'INSERT',NULL,30590.54,'2025-12-08 12:41:27'),(52,52,52,2,'INSERT',NULL,14681.02,'2025-12-08 12:41:27'),(53,53,53,2,'INSERT',NULL,21879.53,'2025-12-08 12:41:27'),(54,54,54,2,'INSERT',NULL,6767.63,'2025-12-08 12:41:27'),(55,55,55,2,'INSERT',NULL,19973.46,'2025-12-08 12:41:27'),(56,56,56,2,'INSERT',NULL,14362.31,'2025-12-08 12:41:27'),(57,57,57,2,'INSERT',NULL,10300.66,'2025-12-08 12:41:27'),(58,58,58,2,'INSERT',NULL,37951.66,'2025-12-08 12:41:27'),(59,59,59,2,'INSERT',NULL,6733.99,'2025-12-08 12:41:27'),(60,60,60,2,'INSERT',NULL,17839.75,'2025-12-08 12:41:27'),(61,61,61,2,'INSERT',NULL,24637.09,'2025-12-08 12:41:27'),(62,62,62,2,'INSERT',NULL,39723.17,'2025-12-08 12:41:27'),(63,63,63,2,'INSERT',NULL,48407.39,'2025-12-08 12:41:27'),(64,64,64,2,'INSERT',NULL,5517.39,'2025-12-08 12:41:27'),(65,65,65,2,'INSERT',NULL,19183.17,'2025-12-08 12:41:27'),(66,66,66,2,'INSERT',NULL,8320.66,'2025-12-08 12:41:27'),(67,67,67,2,'INSERT',NULL,10107.19,'2025-12-08 12:41:27'),(68,68,68,2,'INSERT',NULL,49402.30,'2025-12-08 12:41:27'),(69,69,69,2,'INSERT',NULL,35776.82,'2025-12-08 12:41:27'),(70,70,70,2,'INSERT',NULL,20227.86,'2025-12-08 12:41:27'),(71,71,71,2,'INSERT',NULL,19328.12,'2025-12-08 12:41:27'),(72,72,72,2,'INSERT',NULL,46956.55,'2025-12-08 12:41:27'),(73,73,73,2,'INSERT',NULL,10709.69,'2025-12-08 12:41:27'),(74,74,74,2,'INSERT',NULL,45353.99,'2025-12-08 12:41:27'),(75,75,75,2,'INSERT',NULL,8451.00,'2025-12-08 12:41:27'),(76,76,76,2,'INSERT',NULL,29850.88,'2025-12-08 12:41:27'),(77,77,77,2,'INSERT',NULL,42696.52,'2025-12-08 12:41:27'),(78,78,78,2,'INSERT',NULL,2305.14,'2025-12-08 12:41:27'),(79,79,79,2,'INSERT',NULL,44437.47,'2025-12-08 12:41:27'),(80,80,80,2,'INSERT',NULL,29504.39,'2025-12-08 12:41:27'),(81,81,81,2,'INSERT',NULL,34617.79,'2025-12-08 12:41:27'),(82,82,82,2,'INSERT',NULL,46814.01,'2025-12-08 12:41:27'),(83,83,83,2,'INSERT',NULL,20257.54,'2025-12-08 12:41:27'),(84,84,84,2,'INSERT',NULL,22841.36,'2025-12-08 12:41:27'),(85,85,85,2,'INSERT',NULL,10283.72,'2025-12-08 12:41:27'),(86,86,86,2,'INSERT',NULL,1586.48,'2025-12-08 12:41:27'),(87,87,87,2,'INSERT',NULL,34774.35,'2025-12-08 12:41:27'),(88,88,88,2,'INSERT',NULL,24870.10,'2025-12-08 12:41:27'),(89,89,89,2,'INSERT',NULL,39476.95,'2025-12-08 12:41:27'),(90,90,90,2,'INSERT',NULL,26062.43,'2025-12-08 12:41:27'),(91,91,91,2,'INSERT',NULL,25302.11,'2025-12-08 12:41:27'),(92,92,92,2,'INSERT',NULL,10661.51,'2025-12-08 12:41:27'),(93,93,93,2,'INSERT',NULL,30358.19,'2025-12-08 12:41:27'),(94,94,94,2,'INSERT',NULL,23684.53,'2025-12-08 12:41:27'),(95,95,95,2,'INSERT',NULL,3908.95,'2025-12-08 12:41:27'),(96,96,96,2,'INSERT',NULL,25503.67,'2025-12-08 12:41:27'),(97,97,97,2,'INSERT',NULL,6312.61,'2025-12-08 12:41:27'),(98,98,98,2,'INSERT',NULL,21772.34,'2025-12-08 12:41:27'),(99,99,99,2,'INSERT',NULL,30437.00,'2025-12-08 12:41:27'),(100,100,100,2,'INSERT',NULL,28837.68,'2025-12-08 12:41:27'),(101,101,101,2,'INSERT',NULL,25425.73,'2025-12-08 12:41:27'),(102,102,102,2,'INSERT',NULL,7187.27,'2025-12-08 12:41:27'),(103,103,103,2,'INSERT',NULL,3125.74,'2025-12-08 12:41:27'),(104,104,104,2,'INSERT',NULL,31516.10,'2025-12-08 12:41:27'),(105,105,105,2,'INSERT',NULL,40014.76,'2025-12-08 12:41:27'),(106,106,106,2,'INSERT',NULL,40782.93,'2025-12-08 12:41:27'),(107,107,107,2,'INSERT',NULL,3879.08,'2025-12-08 12:41:27'),(108,108,108,2,'INSERT',NULL,24948.48,'2025-12-08 12:41:27'),(109,109,109,2,'INSERT',NULL,37734.74,'2025-12-08 12:41:27'),(110,110,110,2,'INSERT',NULL,27360.46,'2025-12-08 12:41:27'),(111,111,111,2,'INSERT',NULL,37405.70,'2025-12-08 12:41:27'),(112,112,112,2,'INSERT',NULL,31485.97,'2025-12-08 12:41:27'),(113,113,113,2,'INSERT',NULL,23737.40,'2025-12-08 12:41:27'),(114,114,114,2,'INSERT',NULL,3326.38,'2025-12-08 12:41:27'),(115,115,115,2,'INSERT',NULL,23067.67,'2025-12-08 12:41:27'),(116,116,116,2,'INSERT',NULL,8521.21,'2025-12-08 12:41:27'),(117,117,117,2,'INSERT',NULL,47985.17,'2025-12-08 12:41:27'),(118,118,118,2,'INSERT',NULL,25230.25,'2025-12-08 12:41:27'),(119,119,119,2,'INSERT',NULL,10352.21,'2025-12-08 12:41:27'),(120,120,120,2,'INSERT',NULL,6175.87,'2025-12-08 12:41:27'),(121,121,121,2,'INSERT',NULL,23499.94,'2025-12-08 12:41:27'),(122,122,122,2,'INSERT',NULL,33681.57,'2025-12-08 12:41:27'),(123,123,123,2,'INSERT',NULL,39957.94,'2025-12-08 12:41:27'),(124,124,124,2,'INSERT',NULL,49833.71,'2025-12-08 12:41:27'),(125,125,125,2,'INSERT',NULL,48175.47,'2025-12-08 12:41:27'),(126,126,126,2,'INSERT',NULL,40133.97,'2025-12-08 12:41:27'),(127,127,127,2,'INSERT',NULL,9585.95,'2025-12-08 12:41:27'),(128,128,128,2,'INSERT',NULL,40693.35,'2025-12-08 12:41:27'),(129,129,129,2,'INSERT',NULL,16399.27,'2025-12-08 12:41:27'),(130,130,130,2,'INSERT',NULL,44939.57,'2025-12-08 12:41:27'),(131,131,131,2,'INSERT',NULL,10663.91,'2025-12-08 12:41:27'),(132,132,132,2,'INSERT',NULL,22564.79,'2025-12-08 12:41:27'),(133,133,133,2,'INSERT',NULL,-502.51,'2025-12-08 12:41:27'),(134,134,134,2,'INSERT',NULL,34758.26,'2025-12-08 12:41:27'),(135,135,135,2,'INSERT',NULL,46377.87,'2025-12-08 12:41:27'),(136,136,136,2,'INSERT',NULL,7555.77,'2025-12-08 12:41:27'),(137,137,137,2,'INSERT',NULL,14299.99,'2025-12-08 12:41:27'),(138,138,138,2,'INSERT',NULL,46429.51,'2025-12-08 12:41:27'),(139,139,139,2,'INSERT',NULL,17978.95,'2025-12-08 12:41:27'),(140,140,140,2,'INSERT',NULL,32629.07,'2025-12-08 12:41:27'),(141,141,141,2,'INSERT',NULL,22356.23,'2025-12-08 12:41:27'),(142,142,142,2,'INSERT',NULL,48995.98,'2025-12-08 12:41:27'),(143,143,143,2,'INSERT',NULL,4532.48,'2025-12-08 12:41:27'),(144,144,144,2,'INSERT',NULL,35521.58,'2025-12-08 12:41:27'),(145,145,145,2,'INSERT',NULL,1589.50,'2025-12-08 12:41:27'),(146,146,146,2,'INSERT',NULL,22950.65,'2025-12-08 12:41:27'),(147,147,147,2,'INSERT',NULL,2678.95,'2025-12-08 12:41:27'),(148,148,148,2,'INSERT',NULL,39615.60,'2025-12-08 12:41:27'),(149,149,149,2,'INSERT',NULL,13355.78,'2025-12-08 12:41:27'),(150,150,150,2,'INSERT',NULL,32561.53,'2025-12-08 12:41:27'),(151,151,151,2,'INSERT',NULL,29221.34,'2025-12-08 12:41:27'),(152,152,152,2,'INSERT',NULL,12880.65,'2025-12-08 12:41:27'),(153,153,153,2,'INSERT',NULL,15475.40,'2025-12-08 12:41:27'),(154,154,154,2,'INSERT',NULL,27309.44,'2025-12-08 12:41:27'),(155,155,155,2,'INSERT',NULL,1897.89,'2025-12-08 12:41:27'),(156,156,156,2,'INSERT',NULL,31308.21,'2025-12-08 12:41:27'),(157,157,157,2,'INSERT',NULL,42792.24,'2025-12-08 12:41:27'),(158,158,158,2,'INSERT',NULL,14377.33,'2025-12-08 12:41:27'),(159,159,159,2,'INSERT',NULL,1150.87,'2025-12-08 12:41:27'),(160,160,160,2,'INSERT',NULL,41939.12,'2025-12-08 12:41:27'),(161,161,161,2,'INSERT',NULL,41982.37,'2025-12-08 12:41:27'),(162,162,162,2,'INSERT',NULL,33861.02,'2025-12-08 12:41:27'),(163,163,163,2,'INSERT',NULL,49321.16,'2025-12-08 12:41:27'),(164,164,164,2,'INSERT',NULL,47433.28,'2025-12-08 12:41:27'),(165,165,165,2,'INSERT',NULL,19065.06,'2025-12-08 12:41:27'),(166,166,166,2,'INSERT',NULL,50142.03,'2025-12-08 12:41:27'),(167,167,167,2,'INSERT',NULL,12081.68,'2025-12-08 12:41:27'),(168,168,168,2,'INSERT',NULL,18030.79,'2025-12-08 12:41:27'),(169,169,169,2,'INSERT',NULL,5142.16,'2025-12-08 12:41:27'),(170,170,170,2,'INSERT',NULL,19851.24,'2025-12-08 12:41:27'),(171,171,171,2,'INSERT',NULL,20545.87,'2025-12-08 12:41:27'),(172,172,172,2,'INSERT',NULL,36869.73,'2025-12-08 12:41:27'),(173,173,173,2,'INSERT',NULL,40598.42,'2025-12-08 12:41:27'),(174,174,174,2,'INSERT',NULL,18198.06,'2025-12-08 12:41:27'),(175,175,175,2,'INSERT',NULL,4920.04,'2025-12-08 12:41:27'),(176,176,176,2,'INSERT',NULL,3864.14,'2025-12-08 12:41:27'),(177,177,177,2,'INSERT',NULL,21562.86,'2025-12-08 12:41:27'),(178,178,178,2,'INSERT',NULL,11815.20,'2025-12-08 12:41:27'),(179,179,179,2,'INSERT',NULL,25796.87,'2025-12-08 12:41:27'),(180,180,180,2,'INSERT',NULL,4266.78,'2025-12-08 12:41:27'),(181,181,181,2,'INSERT',NULL,4751.16,'2025-12-08 12:41:27'),(182,182,182,2,'INSERT',NULL,17968.50,'2025-12-08 12:41:27'),(183,183,183,2,'INSERT',NULL,11311.33,'2025-12-08 12:41:27'),(184,184,184,2,'INSERT',NULL,47242.22,'2025-12-08 12:41:27'),(185,185,185,2,'INSERT',NULL,17670.51,'2025-12-08 12:41:27'),(186,186,186,2,'INSERT',NULL,5714.75,'2025-12-08 12:41:27'),(187,187,187,2,'INSERT',NULL,5985.98,'2025-12-08 12:41:27'),(188,188,188,2,'INSERT',NULL,27385.74,'2025-12-08 12:41:27'),(189,189,189,2,'INSERT',NULL,3730.00,'2025-12-08 12:41:27'),(190,190,190,2,'INSERT',NULL,22480.97,'2025-12-08 12:41:27'),(191,191,191,2,'INSERT',NULL,35022.32,'2025-12-08 12:41:27'),(192,192,192,2,'INSERT',NULL,45072.42,'2025-12-08 12:41:27'),(193,193,193,2,'INSERT',NULL,45902.71,'2025-12-08 12:41:27'),(194,194,194,2,'INSERT',NULL,28899.19,'2025-12-08 12:41:27'),(195,195,195,2,'INSERT',NULL,39003.18,'2025-12-08 12:41:27'),(196,196,196,2,'INSERT',NULL,10348.82,'2025-12-08 12:41:27'),(197,197,197,2,'INSERT',NULL,14371.54,'2025-12-08 12:41:27'),(198,198,198,2,'INSERT',NULL,13769.40,'2025-12-08 12:41:27'),(199,199,199,2,'INSERT',NULL,35868.54,'2025-12-08 12:41:27'),(200,200,200,2,'INSERT',NULL,35205.28,'2025-12-08 12:41:27'),(201,201,201,2,'INSERT',NULL,21576.50,'2025-12-08 12:41:27'),(202,1,1,NULL,'INSERT',NULL,18856.28,'2025-12-08 12:51:47'),(203,2,2,NULL,'INSERT',NULL,33643.33,'2025-12-08 12:51:47'),(204,3,3,NULL,'INSERT',NULL,27955.10,'2025-12-08 12:51:47'),(205,4,4,NULL,'INSERT',NULL,37909.78,'2025-12-08 12:51:47'),(206,5,5,NULL,'INSERT',NULL,14238.32,'2025-12-08 12:51:47'),(207,6,6,NULL,'INSERT',NULL,48145.11,'2025-12-08 12:51:47'),(208,7,7,NULL,'INSERT',NULL,19580.87,'2025-12-08 12:51:47'),(209,8,8,NULL,'INSERT',NULL,45820.46,'2025-12-08 12:51:47'),(210,9,9,NULL,'INSERT',NULL,50119.22,'2025-12-08 12:51:47'),(211,10,10,NULL,'INSERT',NULL,19784.63,'2025-12-08 12:51:47'),(212,11,11,NULL,'INSERT',NULL,12576.80,'2025-12-08 12:51:47'),(213,12,12,NULL,'INSERT',NULL,7999.59,'2025-12-08 12:51:47'),(214,13,13,NULL,'INSERT',NULL,43282.28,'2025-12-08 12:51:47'),(215,14,14,NULL,'INSERT',NULL,33207.71,'2025-12-08 12:51:47'),(216,15,15,NULL,'INSERT',NULL,40701.60,'2025-12-08 12:51:47'),(217,16,16,NULL,'INSERT',NULL,12263.36,'2025-12-08 12:51:47'),(218,17,17,NULL,'INSERT',NULL,24499.85,'2025-12-08 12:51:47'),(219,18,18,NULL,'INSERT',NULL,17440.47,'2025-12-08 12:51:47'),(220,19,19,NULL,'INSERT',NULL,18843.02,'2025-12-08 12:51:47'),(221,20,20,NULL,'INSERT',NULL,23762.20,'2025-12-08 12:51:47'),(222,21,21,NULL,'INSERT',NULL,42.51,'2025-12-08 12:51:47'),(223,22,22,NULL,'INSERT',NULL,17695.91,'2025-12-08 12:51:47'),(224,23,23,NULL,'INSERT',NULL,5998.10,'2025-12-08 12:51:47'),(225,24,24,NULL,'INSERT',NULL,25250.05,'2025-12-08 12:51:47'),(226,25,25,NULL,'INSERT',NULL,33211.30,'2025-12-08 12:51:47'),(227,26,26,NULL,'INSERT',NULL,19746.83,'2025-12-08 12:51:47'),(228,27,27,NULL,'INSERT',NULL,26786.53,'2025-12-08 12:51:47'),(229,28,28,NULL,'INSERT',NULL,18834.80,'2025-12-08 12:51:47'),(230,29,29,NULL,'INSERT',NULL,32643.30,'2025-12-08 12:51:47'),(231,30,30,NULL,'INSERT',NULL,5767.01,'2025-12-08 12:51:47'),(232,31,31,NULL,'INSERT',NULL,47909.13,'2025-12-08 12:51:47'),(233,32,32,NULL,'INSERT',NULL,25835.32,'2025-12-08 12:51:47'),(234,33,33,NULL,'INSERT',NULL,17993.23,'2025-12-08 12:51:47'),(235,34,34,NULL,'INSERT',NULL,21185.95,'2025-12-08 12:51:47'),(236,35,35,NULL,'INSERT',NULL,8408.95,'2025-12-08 12:51:47'),(237,36,36,NULL,'INSERT',NULL,45453.42,'2025-12-08 12:51:47'),(238,37,37,NULL,'INSERT',NULL,4397.78,'2025-12-08 12:51:47'),(239,38,38,NULL,'INSERT',NULL,9380.33,'2025-12-08 12:51:47'),(240,39,39,NULL,'INSERT',NULL,48290.69,'2025-12-08 12:51:47'),(241,40,40,NULL,'INSERT',NULL,32973.94,'2025-12-08 12:51:47'),(242,41,41,NULL,'INSERT',NULL,49943.28,'2025-12-08 12:51:47'),(243,42,42,NULL,'INSERT',NULL,35633.96,'2025-12-08 12:51:47'),(244,43,43,NULL,'INSERT',NULL,25966.33,'2025-12-08 12:51:47'),(245,44,44,NULL,'INSERT',NULL,21784.45,'2025-12-08 12:51:47'),(246,45,45,NULL,'INSERT',NULL,42684.56,'2025-12-08 12:51:47'),(247,46,46,NULL,'INSERT',NULL,45585.89,'2025-12-08 12:51:47'),(248,47,47,NULL,'INSERT',NULL,29615.44,'2025-12-08 12:51:47'),(249,48,48,NULL,'INSERT',NULL,36992.27,'2025-12-08 12:51:47'),(250,49,49,NULL,'INSERT',NULL,28051.50,'2025-12-08 12:51:47'),(251,50,50,NULL,'INSERT',NULL,16320.23,'2025-12-08 12:51:47'),(252,51,51,NULL,'INSERT',NULL,30590.54,'2025-12-08 12:51:47'),(253,52,52,NULL,'INSERT',NULL,14681.02,'2025-12-08 12:51:47'),(254,53,53,NULL,'INSERT',NULL,21879.53,'2025-12-08 12:51:47'),(255,54,54,NULL,'INSERT',NULL,6767.63,'2025-12-08 12:51:47'),(256,55,55,NULL,'INSERT',NULL,19973.46,'2025-12-08 12:51:47'),(257,56,56,NULL,'INSERT',NULL,14362.31,'2025-12-08 12:51:47'),(258,57,57,NULL,'INSERT',NULL,10300.66,'2025-12-08 12:51:47'),(259,58,58,NULL,'INSERT',NULL,37951.66,'2025-12-08 12:51:47'),(260,59,59,NULL,'INSERT',NULL,6733.99,'2025-12-08 12:51:47'),(261,60,60,NULL,'INSERT',NULL,17839.75,'2025-12-08 12:51:47'),(262,61,61,NULL,'INSERT',NULL,24637.09,'2025-12-08 12:51:47'),(263,62,62,NULL,'INSERT',NULL,39723.17,'2025-12-08 12:51:47'),(264,63,63,NULL,'INSERT',NULL,48407.39,'2025-12-08 12:51:47'),(265,64,64,NULL,'INSERT',NULL,5517.39,'2025-12-08 12:51:47'),(266,65,65,NULL,'INSERT',NULL,19183.17,'2025-12-08 12:51:47'),(267,66,66,NULL,'INSERT',NULL,8320.66,'2025-12-08 12:51:47'),(268,67,67,NULL,'INSERT',NULL,10107.19,'2025-12-08 12:51:47'),(269,68,68,NULL,'INSERT',NULL,49402.30,'2025-12-08 12:51:47'),(270,69,69,NULL,'INSERT',NULL,35776.82,'2025-12-08 12:51:47'),(271,70,70,NULL,'INSERT',NULL,20227.86,'2025-12-08 12:51:47'),(272,71,71,NULL,'INSERT',NULL,19328.12,'2025-12-08 12:51:47'),(273,72,72,NULL,'INSERT',NULL,46956.55,'2025-12-08 12:51:47'),(274,73,73,NULL,'INSERT',NULL,10709.69,'2025-12-08 12:51:47'),(275,74,74,NULL,'INSERT',NULL,45353.99,'2025-12-08 12:51:47'),(276,75,75,NULL,'INSERT',NULL,8451.00,'2025-12-08 12:51:47'),(277,76,76,NULL,'INSERT',NULL,29850.88,'2025-12-08 12:51:47'),(278,77,77,NULL,'INSERT',NULL,42696.52,'2025-12-08 12:51:47'),(279,78,78,NULL,'INSERT',NULL,2305.14,'2025-12-08 12:51:47'),(280,79,79,NULL,'INSERT',NULL,44437.47,'2025-12-08 12:51:47'),(281,80,80,NULL,'INSERT',NULL,29504.39,'2025-12-08 12:51:47'),(282,81,81,NULL,'INSERT',NULL,34617.79,'2025-12-08 12:51:47'),(283,82,82,NULL,'INSERT',NULL,46814.01,'2025-12-08 12:51:47'),(284,83,83,NULL,'INSERT',NULL,20257.54,'2025-12-08 12:51:47'),(285,84,84,NULL,'INSERT',NULL,22841.36,'2025-12-08 12:51:47'),(286,85,85,NULL,'INSERT',NULL,10283.72,'2025-12-08 12:51:47'),(287,86,86,NULL,'INSERT',NULL,1586.48,'2025-12-08 12:51:47'),(288,87,87,NULL,'INSERT',NULL,34774.35,'2025-12-08 12:51:47'),(289,88,88,NULL,'INSERT',NULL,24870.10,'2025-12-08 12:51:47'),(290,89,89,NULL,'INSERT',NULL,39476.95,'2025-12-08 12:51:47'),(291,90,90,NULL,'INSERT',NULL,26062.43,'2025-12-08 12:51:47'),(292,91,91,NULL,'INSERT',NULL,25302.11,'2025-12-08 12:51:47'),(293,92,92,NULL,'INSERT',NULL,10661.51,'2025-12-08 12:51:47'),(294,93,93,NULL,'INSERT',NULL,30358.19,'2025-12-08 12:51:47'),(295,94,94,NULL,'INSERT',NULL,23684.53,'2025-12-08 12:51:47'),(296,95,95,NULL,'INSERT',NULL,3908.95,'2025-12-08 12:51:47'),(297,96,96,NULL,'INSERT',NULL,25503.67,'2025-12-08 12:51:47'),(298,97,97,NULL,'INSERT',NULL,6312.61,'2025-12-08 12:51:47'),(299,98,98,NULL,'INSERT',NULL,21772.34,'2025-12-08 12:51:47'),(300,99,99,NULL,'INSERT',NULL,30437.00,'2025-12-08 12:51:47'),(301,100,100,NULL,'INSERT',NULL,28837.68,'2025-12-08 12:51:47'),(302,101,101,NULL,'INSERT',NULL,25425.73,'2025-12-08 12:51:47'),(303,102,102,NULL,'INSERT',NULL,7187.27,'2025-12-08 12:51:47'),(304,103,103,NULL,'INSERT',NULL,3125.74,'2025-12-08 12:51:47'),(305,104,104,NULL,'INSERT',NULL,31516.10,'2025-12-08 12:51:47'),(306,105,105,NULL,'INSERT',NULL,40014.76,'2025-12-08 12:51:47'),(307,106,106,NULL,'INSERT',NULL,40782.93,'2025-12-08 12:51:47'),(308,107,107,NULL,'INSERT',NULL,3879.08,'2025-12-08 12:51:47'),(309,108,108,NULL,'INSERT',NULL,24948.48,'2025-12-08 12:51:47'),(310,109,109,NULL,'INSERT',NULL,37734.74,'2025-12-08 12:51:47'),(311,110,110,NULL,'INSERT',NULL,27360.46,'2025-12-08 12:51:47'),(312,111,111,NULL,'INSERT',NULL,37405.70,'2025-12-08 12:51:47'),(313,112,112,NULL,'INSERT',NULL,31485.97,'2025-12-08 12:51:47'),(314,113,113,NULL,'INSERT',NULL,23737.40,'2025-12-08 12:51:47'),(315,114,114,NULL,'INSERT',NULL,3326.38,'2025-12-08 12:51:47'),(316,115,115,NULL,'INSERT',NULL,23067.67,'2025-12-08 12:51:47'),(317,116,116,NULL,'INSERT',NULL,8521.21,'2025-12-08 12:51:47'),(318,117,117,NULL,'INSERT',NULL,47985.17,'2025-12-08 12:51:47'),(319,118,118,NULL,'INSERT',NULL,25230.25,'2025-12-08 12:51:47'),(320,119,119,NULL,'INSERT',NULL,10352.21,'2025-12-08 12:51:47'),(321,120,120,NULL,'INSERT',NULL,6175.87,'2025-12-08 12:51:47'),(322,121,121,NULL,'INSERT',NULL,23499.94,'2025-12-08 12:51:47'),(323,122,122,NULL,'INSERT',NULL,33681.57,'2025-12-08 12:51:47'),(324,123,123,NULL,'INSERT',NULL,39957.94,'2025-12-08 12:51:47'),(325,124,124,NULL,'INSERT',NULL,49833.71,'2025-12-08 12:51:47'),(326,125,125,NULL,'INSERT',NULL,48175.47,'2025-12-08 12:51:47'),(327,126,126,NULL,'INSERT',NULL,40133.97,'2025-12-08 12:51:47'),(328,127,127,NULL,'INSERT',NULL,9585.95,'2025-12-08 12:51:47'),(329,128,128,NULL,'INSERT',NULL,40693.35,'2025-12-08 12:51:47'),(330,129,129,NULL,'INSERT',NULL,16399.27,'2025-12-08 12:51:47'),(331,130,130,NULL,'INSERT',NULL,44939.57,'2025-12-08 12:51:47'),(332,131,131,NULL,'INSERT',NULL,10663.91,'2025-12-08 12:51:47'),(333,132,132,NULL,'INSERT',NULL,22564.79,'2025-12-08 12:51:47'),(334,133,133,NULL,'INSERT',NULL,-502.51,'2025-12-08 12:51:47'),(335,134,134,NULL,'INSERT',NULL,34758.26,'2025-12-08 12:51:47'),(336,135,135,NULL,'INSERT',NULL,46377.87,'2025-12-08 12:51:47'),(337,136,136,NULL,'INSERT',NULL,7555.77,'2025-12-08 12:51:47'),(338,137,137,NULL,'INSERT',NULL,14299.99,'2025-12-08 12:51:47'),(339,138,138,NULL,'INSERT',NULL,46429.51,'2025-12-08 12:51:47'),(340,139,139,NULL,'INSERT',NULL,17978.95,'2025-12-08 12:51:47'),(341,140,140,NULL,'INSERT',NULL,32629.07,'2025-12-08 12:51:47'),(342,141,141,NULL,'INSERT',NULL,22356.23,'2025-12-08 12:51:47'),(343,142,142,NULL,'INSERT',NULL,48995.98,'2025-12-08 12:51:47'),(344,143,143,NULL,'INSERT',NULL,4532.48,'2025-12-08 12:51:47'),(345,144,144,NULL,'INSERT',NULL,35521.58,'2025-12-08 12:51:47'),(346,145,145,NULL,'INSERT',NULL,1589.50,'2025-12-08 12:51:47'),(347,146,146,NULL,'INSERT',NULL,22950.65,'2025-12-08 12:51:47'),(348,147,147,NULL,'INSERT',NULL,2678.95,'2025-12-08 12:51:47'),(349,148,148,NULL,'INSERT',NULL,39615.60,'2025-12-08 12:51:47'),(350,149,149,NULL,'INSERT',NULL,13355.78,'2025-12-08 12:51:47'),(351,150,150,NULL,'INSERT',NULL,32561.53,'2025-12-08 12:51:47'),(352,151,151,NULL,'INSERT',NULL,29221.34,'2025-12-08 12:51:47'),(353,152,152,NULL,'INSERT',NULL,12880.65,'2025-12-08 12:51:47'),(354,153,153,NULL,'INSERT',NULL,15475.40,'2025-12-08 12:51:47'),(355,154,154,NULL,'INSERT',NULL,27309.44,'2025-12-08 12:51:47'),(356,155,155,NULL,'INSERT',NULL,1897.89,'2025-12-08 12:51:47'),(357,156,156,NULL,'INSERT',NULL,31308.21,'2025-12-08 12:51:47'),(358,157,157,NULL,'INSERT',NULL,42792.24,'2025-12-08 12:51:47'),(359,158,158,NULL,'INSERT',NULL,14377.33,'2025-12-08 12:51:47'),(360,159,159,NULL,'INSERT',NULL,1150.87,'2025-12-08 12:51:47'),(361,160,160,NULL,'INSERT',NULL,41939.12,'2025-12-08 12:51:47'),(362,161,161,NULL,'INSERT',NULL,41982.37,'2025-12-08 12:51:47'),(363,162,162,NULL,'INSERT',NULL,33861.02,'2025-12-08 12:51:47'),(364,163,163,NULL,'INSERT',NULL,49321.16,'2025-12-08 12:51:47'),(365,164,164,NULL,'INSERT',NULL,47433.28,'2025-12-08 12:51:47'),(366,165,165,NULL,'INSERT',NULL,19065.06,'2025-12-08 12:51:47'),(367,166,166,NULL,'INSERT',NULL,50142.03,'2025-12-08 12:51:47'),(368,167,167,NULL,'INSERT',NULL,12081.68,'2025-12-08 12:51:47'),(369,168,168,NULL,'INSERT',NULL,18030.79,'2025-12-08 12:51:47'),(370,169,169,NULL,'INSERT',NULL,5142.16,'2025-12-08 12:51:47'),(371,170,170,NULL,'INSERT',NULL,19851.24,'2025-12-08 12:51:47'),(372,171,171,NULL,'INSERT',NULL,20545.87,'2025-12-08 12:51:47'),(373,172,172,NULL,'INSERT',NULL,36869.73,'2025-12-08 12:51:47'),(374,173,173,NULL,'INSERT',NULL,40598.42,'2025-12-08 12:51:47'),(375,174,174,NULL,'INSERT',NULL,18198.06,'2025-12-08 12:51:47'),(376,175,175,NULL,'INSERT',NULL,4920.04,'2025-12-08 12:51:47'),(377,176,176,NULL,'INSERT',NULL,3864.14,'2025-12-08 12:51:47'),(378,177,177,NULL,'INSERT',NULL,21562.86,'2025-12-08 12:51:47'),(379,178,178,NULL,'INSERT',NULL,11815.20,'2025-12-08 12:51:47'),(380,179,179,NULL,'INSERT',NULL,25796.87,'2025-12-08 12:51:47'),(381,180,180,NULL,'INSERT',NULL,4266.78,'2025-12-08 12:51:47'),(382,181,181,NULL,'INSERT',NULL,4751.16,'2025-12-08 12:51:47'),(383,182,182,NULL,'INSERT',NULL,17968.50,'2025-12-08 12:51:47'),(384,183,183,NULL,'INSERT',NULL,11311.33,'2025-12-08 12:51:47'),(385,184,184,NULL,'INSERT',NULL,47242.22,'2025-12-08 12:51:47'),(386,185,185,NULL,'INSERT',NULL,17670.51,'2025-12-08 12:51:47'),(387,186,186,NULL,'INSERT',NULL,5714.75,'2025-12-08 12:51:47'),(388,187,187,NULL,'INSERT',NULL,5985.98,'2025-12-08 12:51:47'),(389,188,188,NULL,'INSERT',NULL,27385.74,'2025-12-08 12:51:47'),(390,189,189,NULL,'INSERT',NULL,3730.00,'2025-12-08 12:51:47'),(391,190,190,NULL,'INSERT',NULL,22480.97,'2025-12-08 12:51:47'),(392,191,191,NULL,'INSERT',NULL,35022.32,'2025-12-08 12:51:47'),(393,192,192,NULL,'INSERT',NULL,45072.42,'2025-12-08 12:51:47'),(394,193,193,NULL,'INSERT',NULL,45902.71,'2025-12-08 12:51:47'),(395,194,194,NULL,'INSERT',NULL,28899.19,'2025-12-08 12:51:47'),(396,195,195,NULL,'INSERT',NULL,39003.18,'2025-12-08 12:51:47'),(397,196,196,NULL,'INSERT',NULL,10348.82,'2025-12-08 12:51:47'),(398,197,197,NULL,'INSERT',NULL,14371.54,'2025-12-08 12:51:47'),(399,198,198,NULL,'INSERT',NULL,13769.40,'2025-12-08 12:51:47'),(400,199,199,NULL,'INSERT',NULL,35868.54,'2025-12-08 12:51:47'),(401,200,200,NULL,'INSERT',NULL,35205.28,'2025-12-08 12:51:47'),(402,201,201,NULL,'INSERT',NULL,21576.50,'2025-12-08 12:51:47');
/*!40000 ALTER TABLE `billingaudit` ENABLE KEYS */;

--
-- Temporary view structure for view `billingclerkview`
--

DROP TABLE IF EXISTS `billingclerkview`;
/*!50001 DROP VIEW IF EXISTS `billingclerkview`*/;
SET @saved_cs_client     = @@character_set_client;
/*!50503 SET character_set_client = utf8mb4 */;
/*!50001 CREATE VIEW `billingclerkview` AS SELECT 
 1 AS `BillingID`,
 1 AS `VisitID`,
 1 AS `PatientID`,
 1 AS `PatientName`,
 1 AS `BillingAmount`,
 1 AS `InsuranceProvider`,
 1 AS `DateOfAdmission`,
 1 AS `MedicationName`*/;
SET character_set_client = @saved_cs_client;

--
-- Temporary view structure for view `doctorpatientview`
--

DROP TABLE IF EXISTS `doctorpatientview`;
/*!50001 DROP VIEW IF EXISTS `doctorpatientview`*/;
SET @saved_cs_client     = @@character_set_client;
/*!50503 SET character_set_client = utf8mb4 */;
/*!50001 CREATE VIEW `doctorpatientview` AS SELECT 
 1 AS `PatientID`,
 1 AS `PatientName`,
 1 AS `Age`,
 1 AS `Gender`,
 1 AS `BloodType`,
 1 AS `VisitID`,
 1 AS `DateOfAdmission`,
 1 AS `DischargeDate`,
 1 AS `AdmissionType`,
 1 AS `RoomNumber`,
 1 AS `ConditionName`,
 1 AS `MedicationName`,
 1 AS `TestResult`*/;
SET character_set_client = @saved_cs_client;

--
-- Table structure for table `doctors`
--

DROP TABLE IF EXISTS `doctors`;
/*!40101 SET @saved_cs_client     = @@character_set_client */;
/*!50503 SET character_set_client = utf8mb4 */;
CREATE TABLE `doctors` (
  `DoctorID` int NOT NULL AUTO_INCREMENT,
  `DoctorName` varchar(200) NOT NULL,
  PRIMARY KEY (`DoctorID`),
  UNIQUE KEY `DoctorName` (`DoctorName`)
) ENGINE=InnoDB AUTO_INCREMENT=209 DEFAULT CHARSET=utf8mb4 COLLATE=utf8mb4_0900_ai_ci;
/*!40101 SET character_set_client = @saved_cs_client */;

--
-- Dumping data for table `doctors`
--

/*!40000 ALTER TABLE `doctors` DISABLE KEYS */;
INSERT INTO `doctors` VALUES (183,'Adam Ross'),(53,'Alexander Garcia'),(158,'Alyssa Edwards'),(73,'Amanda Garcia'),(161,'Amber Holmes'),(184,'Amy Williams'),(26,'Angela Contreras'),(162,'Austin Jackson'),(111,'Benjamin Webb'),(30,'Brandy Mitchell'),(128,'Brenda Lopez'),(164,'Brent Smith'),(124,'Brian Wagner'),(147,'Brian Walton'),(113,'Bruce Garrett'),(50,'Cameron Young'),(192,'Chris Holt'),(103,'Christina Hammond'),(39,'Christine Johnson'),(109,'Christopher Butler'),(115,'Christopher Guerra'),(62,'Cindy Ellis'),(143,'Cindy White'),(82,'Connie Boyd'),(127,'Crystal Chavez'),(75,'Cynthia Scott'),(107,'Daniel Carson'),(9,'Daniel Ferguson'),(46,'Daniel Murphy'),(181,'Daniel Rodgers'),(150,'Daniel Shelton'),(188,'Daniel Smith'),(140,'David Hubbard'),(96,'David Ruiz'),(20,'Denise Galloway'),(191,'Dennis Small'),(105,'Dominic Mitchell'),(24,'Donna Martinez MD'),(120,'Douglas Fleming'),(144,'Douglas Li'),(12,'Douglas Mayo'),(202,'Dr. J.Daniels'),(206,'Dr. Jack Daniels'),(208,'Dr.Daniel'),(207,'Dr.Daniels'),(157,'Elizabeth Frank'),(135,'Elizabeth Morales'),(177,'Emily Cruz'),(47,'Emily Patterson'),(40,'Emily Taylor'),(186,'Emily Thomas'),(36,'Emma Allison'),(64,'Eric Kelly'),(160,'Erica Mccormick'),(17,'Erica Spencer'),(72,'Erika Jackson'),(108,'Erin Henderson MD'),(167,'Ethan Wagner'),(133,'Gerald Hooper'),(90,'Gregory Hansen'),(194,'Gregory Lambert'),(22,'Gregory Smith'),(10,'Heather Day'),(34,'Heather Garcia'),(48,'Heather Smith'),(170,'Heidi Compton MD'),(70,'Ian Benitez'),(68,'Jack Jackson'),(60,'Jacob Daniel'),(31,'Jacob Huynh'),(78,'Jacob Rich'),(28,'James Ellis'),(198,'James James DVM'),(83,'James Tucker'),(71,'Jamie Baker'),(29,'Jared Bruce Jr.'),(98,'Jason Price'),(42,'Jennifer Carter'),(176,'Jennifer Hall'),(65,'Jennifer Larson'),(193,'Jenny Griffith'),(101,'Jeremiah Wolf'),(87,'Jermaine Peters'),(159,'Jesse Thomas'),(91,'Jessica Cruz'),(11,'John Duncan'),(200,'John Hansen'),(33,'John Hartman'),(49,'John Smith'),(94,'John Summers'),(69,'Jonathan Drake'),(114,'Jonathan Watson'),(153,'Joseph Jones'),(84,'Juan Acevedo'),(56,'Julia Cox'),(126,'Julia Yoder'),(85,'Julie Finley'),(77,'Julie Ramirez'),(18,'Justin Kim'),(19,'Justin Moore Jr.'),(139,'Kari Moore'),(156,'Katherine Brown'),(5,'Kathleen Hanna'),(190,'Katie Fitzpatrick'),(165,'Kayla Davis'),(55,'Kayla Powers'),(155,'Kelly Murphy'),(7,'Kelly Olson'),(13,'Kenneth Fletcher'),(174,'Kevin Brown'),(4,'Kevin Wells'),(171,'Kimberly Gonzalez'),(136,'Kimberly Petersen'),(21,'Krista Smith'),(152,'Kristie Morgan'),(45,'Kristin Martinez'),(32,'Kristina Frazier'),(112,'Krystal Fox'),(93,'Kyle Patterson'),(97,'Kyle Smith'),(37,'Laura Myers'),(88,'Lisa Edwards'),(141,'Lonnie Morgan'),(145,'Lori Mendoza'),(81,'Lori Sanchez'),(118,'Louis Bell'),(125,'Lucas Cole'),(35,'Lynn Young'),(16,'Maria Dougherty'),(154,'Maria Tran'),(189,'Marissa Stevenson'),(79,'Mark Hartman Jr.'),(76,'Mark Padilla'),(185,'Martha Graham'),(44,'Mary Logan'),(52,'Mary Moss'),(123,'Matthew Carter'),(1,'Matthew Smith'),(43,'Matthew Thomas'),(89,'Matthew Walker'),(169,'Maureen Hill'),(63,'Megan Hahn'),(138,'Melissa Fernandez'),(196,'Melissa Terry'),(178,'Michael Anderson'),(195,'Michael Armstrong'),(119,'Michael Baker'),(148,'Michael Berg'),(129,'Michael Cole'),(130,'Michael Larson'),(86,'Miguel Parker'),(137,'Misty Garcia'),(58,'Mrs. Lori Hurst PhD'),(179,'Natalie Sellers'),(104,'Patricia Colon'),(67,'Patricia Dunn'),(54,'Patrick Burns'),(121,'Patrick Carter'),(180,'Patrick Ochoa'),(57,'Penny Pruitt'),(168,'Phillip Williams'),(74,'Raven Wong'),(172,'Rebecca Morgan'),(92,'Robert Salazar'),(15,'Roberta Stewart'),(102,'Roberto Petersen'),(166,'Rose Zuniga'),(146,'Ryan Ross'),(173,'Sabrina Rogers'),(2,'Samantha Davies'),(110,'Samuel Robles'),(175,'Sarah Cole'),(122,'Sarah Shaffer'),(149,'Scott Davis'),(95,'Scott Grant'),(199,'Sean Smith'),(163,'Shane Morris'),(99,'Stephanie Clements'),(25,'Stephanie Kramer'),(59,'Stephen Carr'),(116,'Steven Adams'),(100,'Steven James'),(132,'Susan Gibson'),(8,'Suzanne Thomas'),(151,'Tara Moreno'),(182,'Taylor Baldwin'),(6,'Taylor Newton'),(201,'Teresa Mccarthy'),(187,'Terrance Rosales'),(14,'Theresa Freeman'),(197,'Thomas Bruce'),(3,'Tiffany Mitchell'),(80,'Timothy Baker'),(134,'Todd Sanchez'),(131,'Tracey Spence'),(38,'Travis Parsons'),(61,'Tyler Braun'),(23,'Vanessa Newton'),(51,'Vicki Nguyen'),(142,'Victoria Gonzales'),(117,'Victoria Patel'),(106,'Wendy Davis'),(27,'Wendy Glenn'),(66,'William Hess'),(41,'William Reynolds');
/*!40000 ALTER TABLE `doctors` ENABLE KEYS */;
/*!50003 SET @saved_cs_client      = @@character_set_client */ ;
/*!50003 SET @saved_cs_results     = @@character_set_results */ ;
/*!50003 SET @saved_col_connection = @@collation_connection */ ;
/*!50003 SET character_set_client  = utf8mb4 */ ;
/*!50003 SET character_set_results = utf8mb4 */ ;
/*!50003 SET collation_connection  = utf8mb4_unicode_ci */ ;
/*!50003 SET @saved_sql_mode       = @@sql_mode */ ;
/*!50003 SET sql_mode              = 'IGNORE_SPACE,ONLY_FULL_GROUP_BY,STRICT_TRANS_TABLES,NO_ZERO_IN_DATE,NO_ZERO_DATE,ERROR_FOR_DIVISION_BY_ZERO,NO_ENGINE_SUBSTITUTION' */ ;
DELIMITER ;;
/*!50003 CREATE*/ /*!50017 DEFINER=`root`@`localhost`*/ /*!50003 TRIGGER `after_doctor_insert` AFTER INSERT ON `doctors` FOR EACH ROW BEGIN
    INSERT INTO SystemUsers (Username, Password, Role, DoctorID)
    VALUES (
        CONCAT('doc_', NEW.DoctorID, '_', REPLACE(NEW.DoctorName,' ','_')),
        SHA2(CONCAT('Doc', NEW.DoctorID, '@123'), 256),
        'Doctor',
        NEW.DoctorID
    );
END */;;
DELIMITER ;
/*!50003 SET sql_mode              = @saved_sql_mode */ ;
/*!50003 SET character_set_client  = @saved_cs_client */ ;
/*!50003 SET character_set_results = @saved_cs_results */ ;
/*!50003 SET collation_connection  = @saved_col_connection */ ;

--
-- Table structure for table `doctors_backup`
--

DROP TABLE IF EXISTS `doctors_backup`;
/*!40101 SET @saved_cs_client     = @@character_set_client */;
/*!50503 SET character_set_client = utf8mb4 */;
CREATE TABLE `doctors_backup` (
  `DoctorID` int NOT NULL AUTO_INCREMENT,
  `DoctorName` varchar(200) NOT NULL,
  PRIMARY KEY (`DoctorID`),
  UNIQUE KEY `DoctorName` (`DoctorName`)
) ENGINE=InnoDB AUTO_INCREMENT=202 DEFAULT CHARSET=utf8mb4 COLLATE=utf8mb4_0900_ai_ci;
/*!40101 SET character_set_client = @saved_cs_client */;

--
-- Dumping data for table `doctors_backup`
--

/*!40000 ALTER TABLE `doctors_backup` DISABLE KEYS */;
INSERT INTO `doctors_backup` VALUES (183,'Adam Ross'),(53,'Alexander Garcia'),(158,'Alyssa Edwards'),(73,'Amanda Garcia'),(161,'Amber Holmes'),(184,'Amy Williams'),(26,'Angela Contreras'),(162,'Austin Jackson'),(111,'Benjamin Webb'),(30,'Brandy Mitchell'),(128,'Brenda Lopez'),(164,'Brent Smith'),(124,'Brian Wagner'),(147,'Brian Walton'),(113,'Bruce Garrett'),(50,'Cameron Young'),(192,'Chris Holt'),(103,'Christina Hammond'),(39,'Christine Johnson'),(109,'Christopher Butler'),(115,'Christopher Guerra'),(62,'Cindy Ellis'),(143,'Cindy White'),(82,'Connie Boyd'),(127,'Crystal Chavez'),(75,'Cynthia Scott'),(107,'Daniel Carson'),(9,'Daniel Ferguson'),(46,'Daniel Murphy'),(181,'Daniel Rodgers'),(150,'Daniel Shelton'),(188,'Daniel Smith'),(140,'David Hubbard'),(96,'David Ruiz'),(20,'Denise Galloway'),(191,'Dennis Small'),(105,'Dominic Mitchell'),(24,'Donna Martinez MD'),(120,'Douglas Fleming'),(144,'Douglas Li'),(12,'Douglas Mayo'),(157,'Elizabeth Frank'),(135,'Elizabeth Morales'),(177,'Emily Cruz'),(47,'Emily Patterson'),(40,'Emily Taylor'),(186,'Emily Thomas'),(36,'Emma Allison'),(64,'Eric Kelly'),(160,'Erica Mccormick'),(17,'Erica Spencer'),(72,'Erika Jackson'),(108,'Erin Henderson MD'),(167,'Ethan Wagner'),(133,'Gerald Hooper'),(90,'Gregory Hansen'),(194,'Gregory Lambert'),(22,'Gregory Smith'),(10,'Heather Day'),(34,'Heather Garcia'),(48,'Heather Smith'),(170,'Heidi Compton MD'),(70,'Ian Benitez'),(68,'Jack Jackson'),(60,'Jacob Daniel'),(31,'Jacob Huynh'),(78,'Jacob Rich'),(28,'James Ellis'),(198,'James James DVM'),(83,'James Tucker'),(71,'Jamie Baker'),(29,'Jared Bruce Jr.'),(98,'Jason Price'),(42,'Jennifer Carter'),(176,'Jennifer Hall'),(65,'Jennifer Larson'),(193,'Jenny Griffith'),(101,'Jeremiah Wolf'),(87,'Jermaine Peters'),(159,'Jesse Thomas'),(91,'Jessica Cruz'),(11,'John Duncan'),(200,'John Hansen'),(33,'John Hartman'),(49,'John Smith'),(94,'John Summers'),(69,'Jonathan Drake'),(114,'Jonathan Watson'),(153,'Joseph Jones'),(84,'Juan Acevedo'),(56,'Julia Cox'),(126,'Julia Yoder'),(85,'Julie Finley'),(77,'Julie Ramirez'),(18,'Justin Kim'),(19,'Justin Moore Jr.'),(139,'Kari Moore'),(156,'Katherine Brown'),(5,'Kathleen Hanna'),(190,'Katie Fitzpatrick'),(165,'Kayla Davis'),(55,'Kayla Powers'),(155,'Kelly Murphy'),(7,'Kelly Olson'),(13,'Kenneth Fletcher'),(174,'Kevin Brown'),(4,'Kevin Wells'),(171,'Kimberly Gonzalez'),(136,'Kimberly Petersen'),(21,'Krista Smith'),(152,'Kristie Morgan'),(45,'Kristin Martinez'),(32,'Kristina Frazier'),(112,'Krystal Fox'),(93,'Kyle Patterson'),(97,'Kyle Smith'),(37,'Laura Myers'),(88,'Lisa Edwards'),(141,'Lonnie Morgan'),(145,'Lori Mendoza'),(81,'Lori Sanchez'),(118,'Louis Bell'),(125,'Lucas Cole'),(35,'Lynn Young'),(16,'Maria Dougherty'),(154,'Maria Tran'),(189,'Marissa Stevenson'),(79,'Mark Hartman Jr.'),(76,'Mark Padilla'),(185,'Martha Graham'),(44,'Mary Logan'),(52,'Mary Moss'),(123,'Matthew Carter'),(1,'Matthew Smith'),(43,'Matthew Thomas'),(89,'Matthew Walker'),(169,'Maureen Hill'),(63,'Megan Hahn'),(138,'Melissa Fernandez'),(196,'Melissa Terry'),(178,'Michael Anderson'),(195,'Michael Armstrong'),(119,'Michael Baker'),(148,'Michael Berg'),(129,'Michael Cole'),(130,'Michael Larson'),(86,'Miguel Parker'),(137,'Misty Garcia'),(58,'Mrs. Lori Hurst PhD'),(179,'Natalie Sellers'),(104,'Patricia Colon'),(67,'Patricia Dunn'),(54,'Patrick Burns'),(121,'Patrick Carter'),(180,'Patrick Ochoa'),(57,'Penny Pruitt'),(168,'Phillip Williams'),(74,'Raven Wong'),(172,'Rebecca Morgan'),(92,'Robert Salazar'),(15,'Roberta Stewart'),(102,'Roberto Petersen'),(166,'Rose Zuniga'),(146,'Ryan Ross'),(173,'Sabrina Rogers'),(2,'Samantha Davies'),(110,'Samuel Robles'),(175,'Sarah Cole'),(122,'Sarah Shaffer'),(149,'Scott Davis'),(95,'Scott Grant'),(199,'Sean Smith'),(163,'Shane Morris'),(99,'Stephanie Clements'),(25,'Stephanie Kramer'),(59,'Stephen Carr'),(116,'Steven Adams'),(100,'Steven James'),(132,'Susan Gibson'),(8,'Suzanne Thomas'),(151,'Tara Moreno'),(182,'Taylor Baldwin'),(6,'Taylor Newton'),(201,'Teresa Mccarthy'),(187,'Terrance Rosales'),(14,'Theresa Freeman'),(197,'Thomas Bruce'),(3,'Tiffany Mitchell'),(80,'Timothy Baker'),(134,'Todd Sanchez'),(131,'Tracey Spence'),(38,'Travis Parsons'),(61,'Tyler Braun'),(23,'Vanessa Newton'),(51,'Vicki Nguyen'),(142,'Victoria Gonzales'),(117,'Victoria Patel'),(106,'Wendy Davis'),(27,'Wendy Glenn'),(66,'William Hess'),(41,'William Reynolds');
/*!40000 ALTER TABLE `doctors_backup` ENABLE KEYS */;

--
-- Table structure for table `hospitals`
--

DROP TABLE IF EXISTS `hospitals`;
/*!40101 SET @saved_cs_client     = @@character_set_client */;
/*!50503 SET character_set_client = utf8mb4 */;
CREATE TABLE `hospitals` (
  `HospitalID` int NOT NULL AUTO_INCREMENT,
  `HospitalName` varchar(100) NOT NULL,
  PRIMARY KEY (`HospitalID`),
  UNIQUE KEY `HospitalName` (`HospitalName`)
) ENGINE=InnoDB AUTO_INCREMENT=256 DEFAULT CHARSET=utf8mb4 COLLATE=utf8mb4_0900_ai_ci;
/*!40101 SET character_set_client = @saved_cs_client */;

--
-- Dumping data for table `hospitals`
--

/*!40000 ALTER TABLE `hospitals` DISABLE KEYS */;
INSERT INTO `hospitals` VALUES (201,'Adams-Molina'),(189,'Alexander and Jensen Andrews,'),(188,'Alvarado-Deleon'),(173,'and Anderson Smith Sanchez,'),(190,'and Black, Henson Rhodes'),(115,'and Brown Oneal, Shah'),(165,'and Brown White, Jones'),(149,'and Ford Lee, Rodriguez'),(39,'and Garcia Morris Cunningham,'),(43,'and Howell Brooks, Rogers'),(133,'and Johnson Moore, Branch'),(142,'and Marquez Silva Smith,'),(64,'and Mason Smith Chase,'),(44,'and Mcclure White Boone,'),(57,'and Montes Graves, Thomas'),(87,'and Morales Jennings Cook,'),(199,'and Simmons Sons'),(135,'and Smith, Tucker Cross'),(80,'and Sons Reyes'),(24,'and Sons Smith'),(152,'Anderson Group'),(180,'Ballard PLC'),(140,'Barnes and Sons'),(52,'Beck-Galloway'),(161,'Brown-Yoder'),(27,'Brown, and Jones Weaver'),(68,'Bullock-Ramsey'),(125,'Cantu-Berry'),(177,'Carr LLC'),(17,'Cervantes-Wells'),(69,'Clark Brown, and Myers'),(83,'Clark-Johnson'),(23,'Clark-Mayo'),(121,'Cline-Carpenter'),(16,'Cline-Williams'),(3,'Cook PLC'),(119,'Cox-Hester'),(110,'Cruz Ltd'),(32,'Cruz-Santiago'),(92,'Dean-Hawkins'),(53,'Decker Glover, and Christensen'),(160,'Donaldson-Frey'),(129,'Dudley-Atkinson'),(38,'Espinoza-Stone'),(108,'Evans and Hall Schneider,'),(73,'Evans Ltd'),(51,'Fernandez and Phillips, Singh'),(193,'Fritz Henderson Stanton, and'),(114,'Garcia, and Bishop Hernandez'),(29,'Gardner-Miller'),(26,'Garner-Bowman'),(45,'Gates Brown, and Stuart'),(163,'Gonzalez-King'),(139,'Gordon-Ward'),(46,'Group Armstrong'),(56,'Group Delgado'),(33,'Group Duncan'),(88,'Group Hood'),(7,'Group Middleton'),(104,'Group Nguyen'),(176,'Group Rodriguez'),(198,'Group Scott'),(116,'Group White'),(30,'Guerrero-Boone'),(127,'Guzman-Carlson'),(112,'Hall Roberts and Duarte,'),(58,'Hall-Bentley'),(20,'Hammond Ltd'),(146,'Hampton-Thomas'),(167,'Hanson Group'),(31,'Hart Ltd'),(170,'Hart-Brock'),(98,'Henderson-Taylor'),(4,'Hernandez Rogers and Vang,'),(184,'Hernandez-Green'),(101,'Hernandez, Ritter and Huffman'),(134,'Holmes and Hughes, Phillips'),(19,'Houston PLC'),(79,'Howe-Kelly'),(117,'Hughes and Erickson, Anderson'),(200,'Humphrey and Browning Fitzgerald,'),(60,'Hunter-Grant'),(91,'Inc Ford'),(185,'Inc Lee'),(82,'Inc Skinner'),(70,'Jackson and Lane, Dillon'),(143,'Jackson-Copeland'),(96,'James Ltd'),(166,'James-Smith'),(120,'Jarvis Scott, Fleming and'),(122,'Johnson, and Ross Harris'),(171,'Jones and Jones, Turner'),(21,'Jones LLC'),(138,'Jones Ltd'),(78,'Jones-Scott'),(130,'Kelly-Allen'),(85,'Kemp LLC'),(97,'Kemp-Munoz'),(65,'Khan, and Rodriguez Fischer'),(2,'Kim Inc'),(123,'Kim Rosario, and Hammond'),(49,'Knight and Nguyen, Riggs'),(118,'Lane-Kelly'),(141,'Levine-Miller'),(131,'Lewis Livingston, Lowe and'),(77,'Lin Thompson Wells, and'),(89,'Lindsey Inc'),(181,'Liu-Wilson'),(86,'LLC Dixon'),(182,'LLC Lewis'),(37,'LLC Martin'),(50,'Lopez PLC'),(34,'Lopez-Phillips'),(145,'Ltd Conrad'),(47,'Ltd Schwartz'),(195,'Ltd Solis'),(106,'Ltd Thomas'),(175,'Ltd Walton'),(90,'Ltd Wang'),(100,'Luna Inc'),(12,'Lyons-Blair'),(168,'Mcclain-Reed'),(196,'Mcneil-Blake'),(42,'Meadows Group'),(128,'Meyer-Hill'),(72,'Miles, and Weaver Hudson'),(61,'Miller-Lawson'),(55,'Mitchell-Navarro'),(197,'Moore-Waters'),(162,'Morgan Rios and Keller,'),(15,'Morris-Arellano'),(63,'Moss and Ferguson, Baker'),(148,'Myers-Monroe'),(54,'Nelson Walker Myers, and'),(48,'Nelson-Phillips'),(105,'Newton-White'),(6,'Nunez-Humphrey'),(10,'Padilla-Walker'),(99,'Parsons, Hartman Martinez and'),(144,'Perez and Ochoa White,'),(84,'Perez and Sons'),(151,'Perry Little, and Moore'),(107,'Pierce Ward, Torres and'),(124,'PLC Jimenez'),(41,'PLC Young'),(35,'Poole Inc'),(8,'Powell Robinson and Valdez,'),(95,'Powell Ward, and Mercado'),(13,'Powers Miller, and Flores'),(113,'Ramirez-Robinson'),(102,'Reed LLC'),(67,'Rhodes-Carey'),(14,'Rivera-Gutierrez'),(155,'Robinson Inc'),(153,'Rodriguez and Sons'),(132,'Rodriguez Ltd'),(192,'Rodriguez-Franco'),(178,'Rodriguez-Guerra'),(137,'Russell Ltd'),(11,'Schaefer-Porter'),(62,'Scott-Kelly'),(28,'Serrano-Dixon'),(81,'Shaw-Young'),(76,'Simpson-Mccall'),(158,'Smith and Johnston, Collins'),(36,'Sons and Cox'),(136,'Sons and Lozano'),(191,'Sons and Marshall'),(1,'Sons and Miller'),(74,'Sons and Schaefer'),(150,'Sons Garcia and'),(75,'Sons Hodges and'),(94,'Sons Horn and'),(159,'Sons Miller and'),(9,'Sons Rich and'),(66,'Sons Watson and'),(172,'Spears-Shah'),(111,'Stewart Sons and'),(183,'Stokes Chambers and Martin,'),(109,'Stout-Brown'),(179,'Sullivan Mullins, Macias and'),(59,'Taylor-Nguyen'),(154,'Thomas-Huber'),(147,'Thomas-Kelley'),(103,'Thompson-Walker'),(18,'Torres, and Harrison Jones'),(174,'Tran, and Ferrell Garcia'),(71,'Turner Cook, Banks and'),(187,'Valentine Ltd'),(164,'Wagner Ltd'),(157,'Walker and Gardner Fernandez,'),(93,'Walter PLC'),(40,'Walton-Meyer'),(194,'West-Young'),(5,'White-White'),(186,'Wilkins Group'),(22,'Williams-Davis'),(25,'Wilson Group'),(156,'Wood-Mathews'),(126,'Wright-Alexander'),(169,'Young-Smith');
/*!40000 ALTER TABLE `hospitals` ENABLE KEYS */;

--
-- Temporary view structure for view `labtechview`
--

DROP TABLE IF EXISTS `labtechview`;
/*!50001 DROP VIEW IF EXISTS `labtechview`*/;
SET @saved_cs_client     = @@character_set_client;
/*!50503 SET character_set_client = utf8mb4 */;
/*!50001 CREATE VIEW `labtechview` AS SELECT 
 1 AS `TestResultID`,
 1 AS `VisitID`,
 1 AS `PatientID`,
 1 AS `PatientName`,
 1 AS `TestResult`,
 1 AS `DateOfAdmission`*/;
SET character_set_client = @saved_cs_client;

--
-- Table structure for table `medicalconditions`
--

DROP TABLE IF EXISTS `medicalconditions`;
/*!40101 SET @saved_cs_client     = @@character_set_client */;
/*!50503 SET character_set_client = utf8mb4 */;
CREATE TABLE `medicalconditions` (
  `ConditionID` int NOT NULL AUTO_INCREMENT,
  `PatientID` int NOT NULL,
  `ConditionName` varchar(200) DEFAULT NULL,
  PRIMARY KEY (`ConditionID`),
  KEY `PatientID` (`PatientID`),
  CONSTRAINT `medicalconditions_ibfk_1` FOREIGN KEY (`PatientID`) REFERENCES `patients` (`PatientID`)
) ENGINE=InnoDB AUTO_INCREMENT=202 DEFAULT CHARSET=utf8mb4 COLLATE=utf8mb4_0900_ai_ci;
/*!40101 SET character_set_client = @saved_cs_client */;

--
-- Dumping data for table `medicalconditions`
--

/*!40000 ALTER TABLE `medicalconditions` DISABLE KEYS */;
INSERT INTO `medicalconditions` VALUES (1,1,'Cancer'),(2,2,'Obesity'),(3,3,'Obesity'),(4,4,'Diabetes'),(5,5,'Cancer'),(6,6,'Asthma'),(7,7,'Diabetes'),(8,8,'Cancer'),(9,9,'Asthma'),(10,10,'Cancer'),(11,11,'Cancer'),(12,12,'Hypertension'),(13,13,'Diabetes'),(14,14,'Asthma'),(15,15,'Cancer'),(16,16,'Obesity'),(17,17,'Arthritis'),(18,18,'Obesity'),(19,19,'Hypertension'),(20,20,'Asthma'),(21,21,'Asthma'),(22,22,'Asthma'),(23,23,'Arthritis'),(24,24,'Asthma'),(25,25,'Hypertension'),(26,26,'Obesity'),(27,27,'Asthma'),(28,28,'Diabetes'),(29,29,'Hypertension'),(30,30,'Hypertension'),(31,31,'Asthma'),(32,32,'Arthritis'),(33,33,'Arthritis'),(34,34,'Cancer'),(35,35,'Diabetes'),(36,36,'Asthma'),(37,37,'Diabetes'),(38,38,'Hypertension'),(39,39,'Diabetes'),(40,40,'Obesity'),(41,41,'Hypertension'),(42,42,'Hypertension'),(43,43,'Asthma'),(44,44,'Obesity'),(45,45,'Cancer'),(46,46,'Cancer'),(47,47,'Hypertension'),(48,48,'Diabetes'),(49,49,'Hypertension'),(50,50,'Asthma'),(51,51,'Hypertension'),(52,52,'Cancer'),(53,53,'Cancer'),(54,54,'Obesity'),(55,55,'Asthma'),(56,56,'Hypertension'),(57,57,'Cancer'),(58,58,'Hypertension'),(59,59,'Cancer'),(60,60,'Hypertension'),(61,61,'Obesity'),(62,62,'Asthma'),(63,63,'Cancer'),(64,64,'Hypertension'),(65,65,'Hypertension'),(66,66,'Cancer'),(67,67,'Diabetes'),(68,68,'Hypertension'),(69,69,'Diabetes'),(70,70,'Arthritis'),(71,71,'Cancer'),(72,72,'Obesity'),(73,73,'Cancer'),(74,74,'Diabetes'),(75,75,'Arthritis'),(76,76,'Arthritis'),(77,77,'Arthritis'),(78,78,'Diabetes'),(79,79,'Arthritis'),(80,80,'Cancer'),(81,81,'Arthritis'),(82,82,'Hypertension'),(83,83,'Diabetes'),(84,84,'Obesity'),(85,85,'Asthma'),(86,86,'Cancer'),(87,87,'Asthma'),(88,88,'Arthritis'),(89,89,'Cancer'),(90,90,'Hypertension'),(91,91,'Cancer'),(92,92,'Diabetes'),(93,93,'Diabetes'),(94,94,'Asthma'),(95,95,'Diabetes'),(96,96,'Hypertension'),(97,97,'Diabetes'),(98,98,'Diabetes'),(99,99,'Cancer'),(100,100,'Asthma'),(101,101,'Arthritis'),(102,102,'Diabetes'),(103,103,'Diabetes'),(104,104,'Diabetes'),(105,105,'Arthritis'),(106,106,'Cancer'),(107,107,'Obesity'),(108,108,'Arthritis'),(109,109,'Hypertension'),(110,110,'Cancer'),(111,111,'Asthma'),(112,112,'Arthritis'),(113,113,'Hypertension'),(114,114,'Obesity'),(115,115,'Hypertension'),(116,116,'Asthma'),(117,117,'Cancer'),(118,118,'Asthma'),(119,119,'Diabetes'),(120,120,'Arthritis'),(121,121,'Obesity'),(122,122,'Cancer'),(123,123,'Obesity'),(124,124,'Cancer'),(125,125,'Asthma'),(126,126,'Obesity'),(127,127,'Obesity'),(128,128,'Obesity'),(129,129,'Obesity'),(130,130,'Diabetes'),(131,131,'Hypertension'),(132,132,'Hypertension'),(133,133,'Cancer'),(134,134,'Diabetes'),(135,135,'Hypertension'),(136,136,'Hypertension'),(137,137,'Cancer'),(138,138,'Arthritis'),(139,139,'Asthma'),(140,140,'Obesity'),(141,141,'Diabetes'),(142,142,'Diabetes'),(143,143,'Hypertension'),(144,144,'Diabetes'),(145,145,'Arthritis'),(146,146,'Diabetes'),(147,147,'Arthritis'),(148,148,'Hypertension'),(149,149,'Asthma'),(150,150,'Asthma'),(151,151,'Asthma'),(152,152,'Diabetes'),(153,153,'Obesity'),(154,154,'Arthritis'),(155,155,'Arthritis'),(156,156,'Cancer'),(157,157,'Diabetes'),(158,158,'Diabetes'),(159,159,'Diabetes'),(160,160,'Asthma'),(161,161,'Cancer'),(162,162,'Obesity'),(163,163,'Asthma'),(164,164,'Asthma'),(165,165,'Arthritis'),(166,166,'Cancer'),(167,167,'Hypertension'),(168,168,'Cancer'),(169,169,'Asthma'),(170,170,'Asthma'),(171,171,'Hypertension'),(172,172,'Arthritis'),(173,173,'Cancer'),(174,174,'Asthma'),(175,175,'Obesity'),(176,176,'Diabetes'),(177,177,'Asthma'),(178,178,'Cancer'),(179,179,'Hypertension'),(180,180,'Hypertension'),(181,181,'Obesity'),(182,182,'Diabetes'),(183,183,'Obesity'),(184,184,'Hypertension'),(185,185,'Diabetes'),(186,186,'Obesity'),(187,187,'Diabetes'),(188,188,'Obesity'),(189,189,'Diabetes'),(190,190,'Asthma'),(191,191,'Diabetes'),(192,192,'Asthma'),(193,193,'Obesity'),(194,194,'Hypertension'),(195,195,'Obesity'),(196,196,'Diabetes'),(197,197,'Hypertension'),(198,198,'Diabetes'),(199,199,'Arthritis'),(200,200,'Obesity'),(201,201,'Obesity');
/*!40000 ALTER TABLE `medicalconditions` ENABLE KEYS */;

--
-- Table structure for table `medicalconditions_backup`
--

DROP TABLE IF EXISTS `medicalconditions_backup`;
/*!40101 SET @saved_cs_client     = @@character_set_client */;
/*!50503 SET character_set_client = utf8mb4 */;
CREATE TABLE `medicalconditions_backup` (
  `ConditionID` int NOT NULL AUTO_INCREMENT,
  `PatientID` int NOT NULL,
  `ConditionName` varchar(200) DEFAULT NULL,
  PRIMARY KEY (`ConditionID`),
  KEY `PatientID` (`PatientID`)
) ENGINE=InnoDB AUTO_INCREMENT=202 DEFAULT CHARSET=utf8mb4 COLLATE=utf8mb4_0900_ai_ci;
/*!40101 SET character_set_client = @saved_cs_client */;

--
-- Dumping data for table `medicalconditions_backup`
--

/*!40000 ALTER TABLE `medicalconditions_backup` DISABLE KEYS */;
INSERT INTO `medicalconditions_backup` VALUES (1,1,'Cancer'),(2,2,'Obesity'),(3,3,'Obesity'),(4,4,'Diabetes'),(5,5,'Cancer'),(6,6,'Asthma'),(7,7,'Diabetes'),(8,8,'Cancer'),(9,9,'Asthma'),(10,10,'Cancer'),(11,11,'Cancer'),(12,12,'Hypertension'),(13,13,'Diabetes'),(14,14,'Asthma'),(15,15,'Cancer'),(16,16,'Obesity'),(17,17,'Arthritis'),(18,18,'Obesity'),(19,19,'Hypertension'),(20,20,'Asthma'),(21,21,'Asthma'),(22,22,'Asthma'),(23,23,'Arthritis'),(24,24,'Asthma'),(25,25,'Hypertension'),(26,26,'Obesity'),(27,27,'Asthma'),(28,28,'Diabetes'),(29,29,'Hypertension'),(30,30,'Hypertension'),(31,31,'Asthma'),(32,32,'Arthritis'),(33,33,'Arthritis'),(34,34,'Cancer'),(35,35,'Diabetes'),(36,36,'Asthma'),(37,37,'Diabetes'),(38,38,'Hypertension'),(39,39,'Diabetes'),(40,40,'Obesity'),(41,41,'Hypertension'),(42,42,'Hypertension'),(43,43,'Asthma'),(44,44,'Obesity'),(45,45,'Cancer'),(46,46,'Cancer'),(47,47,'Hypertension'),(48,48,'Diabetes'),(49,49,'Hypertension'),(50,50,'Asthma'),(51,51,'Hypertension'),(52,52,'Cancer'),(53,53,'Cancer'),(54,54,'Obesity'),(55,55,'Asthma'),(56,56,'Hypertension'),(57,57,'Cancer'),(58,58,'Hypertension'),(59,59,'Cancer'),(60,60,'Hypertension'),(61,61,'Obesity'),(62,62,'Asthma'),(63,63,'Cancer'),(64,64,'Hypertension'),(65,65,'Hypertension'),(66,66,'Cancer'),(67,67,'Diabetes'),(68,68,'Hypertension'),(69,69,'Diabetes'),(70,70,'Arthritis'),(71,71,'Cancer'),(72,72,'Obesity'),(73,73,'Cancer'),(74,74,'Diabetes'),(75,75,'Arthritis'),(76,76,'Arthritis'),(77,77,'Arthritis'),(78,78,'Diabetes'),(79,79,'Arthritis'),(80,80,'Cancer'),(81,81,'Arthritis'),(82,82,'Hypertension'),(83,83,'Diabetes'),(84,84,'Obesity'),(85,85,'Asthma'),(86,86,'Cancer'),(87,87,'Asthma'),(88,88,'Arthritis'),(89,89,'Cancer'),(90,90,'Hypertension'),(91,91,'Cancer'),(92,92,'Diabetes'),(93,93,'Diabetes'),(94,94,'Asthma'),(95,95,'Diabetes'),(96,96,'Hypertension'),(97,97,'Diabetes'),(98,98,'Diabetes'),(99,99,'Cancer'),(100,100,'Asthma'),(101,101,'Arthritis'),(102,102,'Diabetes'),(103,103,'Diabetes'),(104,104,'Diabetes'),(105,105,'Arthritis'),(106,106,'Cancer'),(107,107,'Obesity'),(108,108,'Arthritis'),(109,109,'Hypertension'),(110,110,'Cancer'),(111,111,'Asthma'),(112,112,'Arthritis'),(113,113,'Hypertension'),(114,114,'Obesity'),(115,115,'Hypertension'),(116,116,'Asthma'),(117,117,'Cancer'),(118,118,'Asthma'),(119,119,'Diabetes'),(120,120,'Arthritis'),(121,121,'Obesity'),(122,122,'Cancer'),(123,123,'Obesity'),(124,124,'Cancer'),(125,125,'Asthma'),(126,126,'Obesity'),(127,127,'Obesity'),(128,128,'Obesity'),(129,129,'Obesity'),(130,130,'Diabetes'),(131,131,'Hypertension'),(132,132,'Hypertension'),(133,133,'Cancer'),(134,134,'Diabetes'),(135,135,'Hypertension'),(136,136,'Hypertension'),(137,137,'Cancer'),(138,138,'Arthritis'),(139,139,'Asthma'),(140,140,'Obesity'),(141,141,'Diabetes'),(142,142,'Diabetes'),(143,143,'Hypertension'),(144,144,'Diabetes'),(145,145,'Arthritis'),(146,146,'Diabetes'),(147,147,'Arthritis'),(148,148,'Hypertension'),(149,149,'Asthma'),(150,150,'Asthma'),(151,151,'Asthma'),(152,152,'Diabetes'),(153,153,'Obesity'),(154,154,'Arthritis'),(155,155,'Arthritis'),(156,156,'Cancer'),(157,157,'Diabetes'),(158,158,'Diabetes'),(159,159,'Diabetes'),(160,160,'Asthma'),(161,161,'Cancer'),(162,162,'Obesity'),(163,163,'Asthma'),(164,164,'Asthma'),(165,165,'Arthritis'),(166,166,'Cancer'),(167,167,'Hypertension'),(168,168,'Cancer'),(169,169,'Asthma'),(170,170,'Asthma'),(171,171,'Hypertension'),(172,172,'Arthritis'),(173,173,'Cancer'),(174,174,'Asthma'),(175,175,'Obesity'),(176,176,'Diabetes'),(177,177,'Asthma'),(178,178,'Cancer'),(179,179,'Hypertension'),(180,180,'Hypertension'),(181,181,'Obesity'),(182,182,'Diabetes'),(183,183,'Obesity'),(184,184,'Hypertension'),(185,185,'Diabetes'),(186,186,'Obesity'),(187,187,'Diabetes'),(188,188,'Obesity'),(189,189,'Diabetes'),(190,190,'Asthma'),(191,191,'Diabetes'),(192,192,'Asthma'),(193,193,'Obesity'),(194,194,'Hypertension'),(195,195,'Obesity'),(196,196,'Diabetes'),(197,197,'Hypertension'),(198,198,'Diabetes'),(199,199,'Arthritis'),(200,200,'Obesity'),(201,201,'Obesity');
/*!40000 ALTER TABLE `medicalconditions_backup` ENABLE KEYS */;

--
-- Table structure for table `medicationaudit`
--

DROP TABLE IF EXISTS `medicationaudit`;
/*!40101 SET @saved_cs_client     = @@character_set_client */;
/*!50503 SET character_set_client = utf8mb4 */;
CREATE TABLE `medicationaudit` (
  `AuditID` int NOT NULL AUTO_INCREMENT,
  `MedicationID` int DEFAULT NULL,
  `VisitID` int DEFAULT NULL,
  `DoctorID` int DEFAULT NULL,
  `ActionType` enum('INSERT','UPDATE') DEFAULT NULL,
  `OldMedicationName` varchar(200) DEFAULT NULL,
  `NewMedicationName` varchar(200) DEFAULT NULL,
  `ActionTime` timestamp NULL DEFAULT CURRENT_TIMESTAMP,
  PRIMARY KEY (`AuditID`)
) ENGINE=InnoDB AUTO_INCREMENT=403 DEFAULT CHARSET=utf8mb4 COLLATE=utf8mb4_0900_ai_ci;
/*!40101 SET character_set_client = @saved_cs_client */;

--
-- Dumping data for table `medicationaudit`
--

/*!40000 ALTER TABLE `medicationaudit` DISABLE KEYS */;
INSERT INTO `medicationaudit` VALUES (1,1,1,1,'INSERT',NULL,'Paracetamol','2025-12-08 12:41:27'),(2,2,2,2,'INSERT',NULL,'Ibuprofen','2025-12-08 12:41:27'),(3,3,3,3,'INSERT',NULL,'Aspirin','2025-12-08 12:41:27'),(4,4,4,4,'INSERT',NULL,'Ibuprofen','2025-12-08 12:41:27'),(5,5,5,5,'INSERT',NULL,'Penicillin','2025-12-08 12:41:27'),(6,6,6,6,'INSERT',NULL,'Ibuprofen','2025-12-08 12:41:27'),(7,7,7,7,'INSERT',NULL,'Paracetamol','2025-12-08 12:41:27'),(8,8,8,8,'INSERT',NULL,'Paracetamol','2025-12-08 12:41:27'),(9,9,9,9,'INSERT',NULL,'Aspirin','2025-12-08 12:41:27'),(10,10,10,10,'INSERT',NULL,'Paracetamol','2025-12-08 12:41:27'),(11,11,11,11,'INSERT',NULL,'Paracetamol','2025-12-08 12:41:27'),(12,12,12,12,'INSERT',NULL,'Lipitor','2025-12-08 12:41:27'),(13,13,13,13,'INSERT',NULL,'Penicillin','2025-12-08 12:41:27'),(14,14,14,14,'INSERT',NULL,'Lipitor','2025-12-08 12:41:27'),(15,15,15,15,'INSERT',NULL,'Paracetamol','2025-12-08 12:41:27'),(16,16,16,16,'INSERT',NULL,'Aspirin','2025-12-08 12:41:27'),(17,17,17,17,'INSERT',NULL,'Paracetamol','2025-12-08 12:41:27'),(18,18,18,18,'INSERT',NULL,'Paracetamol','2025-12-08 12:41:27'),(19,19,19,19,'INSERT',NULL,'Aspirin','2025-12-08 12:41:27'),(20,20,20,20,'INSERT',NULL,'Penicillin','2025-12-08 12:41:27'),(21,21,21,21,'INSERT',NULL,'Aspirin','2025-12-08 12:41:27'),(22,22,22,22,'INSERT',NULL,'Lipitor','2025-12-08 12:41:27'),(23,23,23,23,'INSERT',NULL,'Lipitor','2025-12-08 12:41:27'),(24,24,24,24,'INSERT',NULL,'Lipitor','2025-12-08 12:41:27'),(25,25,25,25,'INSERT',NULL,'Paracetamol','2025-12-08 12:41:27'),(26,26,26,26,'INSERT',NULL,'Aspirin','2025-12-08 12:41:27'),(27,27,27,27,'INSERT',NULL,'Ibuprofen','2025-12-08 12:41:27'),(28,28,28,28,'INSERT',NULL,'Lipitor','2025-12-08 12:41:27'),(29,29,29,29,'INSERT',NULL,'Penicillin','2025-12-08 12:41:27'),(30,30,30,30,'INSERT',NULL,'Paracetamol','2025-12-08 12:41:27'),(31,31,31,31,'INSERT',NULL,'Ibuprofen','2025-12-08 12:41:27'),(32,32,32,32,'INSERT',NULL,'Penicillin','2025-12-08 12:41:27'),(33,33,33,33,'INSERT',NULL,'Penicillin','2025-12-08 12:41:27'),(34,34,34,34,'INSERT',NULL,'Ibuprofen','2025-12-08 12:41:27'),(35,35,35,35,'INSERT',NULL,'Lipitor','2025-12-08 12:41:27'),(36,36,36,36,'INSERT',NULL,'Lipitor','2025-12-08 12:41:27'),(37,37,37,37,'INSERT',NULL,'Paracetamol','2025-12-08 12:41:27'),(38,38,38,38,'INSERT',NULL,'Ibuprofen','2025-12-08 12:41:27'),(39,39,39,39,'INSERT',NULL,'Lipitor','2025-12-08 12:41:27'),(40,40,40,40,'INSERT',NULL,'Penicillin','2025-12-08 12:41:27'),(41,41,41,41,'INSERT',NULL,'Lipitor','2025-12-08 12:41:27'),(42,42,42,42,'INSERT',NULL,'Aspirin','2025-12-08 12:41:27'),(43,43,43,43,'INSERT',NULL,'Paracetamol','2025-12-08 12:41:27'),(44,44,44,44,'INSERT',NULL,'Paracetamol','2025-12-08 12:41:27'),(45,45,45,45,'INSERT',NULL,'Penicillin','2025-12-08 12:41:27'),(46,46,46,46,'INSERT',NULL,'Penicillin','2025-12-08 12:41:27'),(47,47,47,47,'INSERT',NULL,'Paracetamol','2025-12-08 12:41:27'),(48,48,48,48,'INSERT',NULL,'Aspirin','2025-12-08 12:41:27'),(49,49,49,49,'INSERT',NULL,'Ibuprofen','2025-12-08 12:41:27'),(50,50,50,50,'INSERT',NULL,'Ibuprofen','2025-12-08 12:41:27'),(51,51,51,51,'INSERT',NULL,'Paracetamol','2025-12-08 12:41:27'),(52,52,52,52,'INSERT',NULL,'Ibuprofen','2025-12-08 12:41:27'),(53,53,53,53,'INSERT',NULL,'Penicillin','2025-12-08 12:41:27'),(54,54,54,54,'INSERT',NULL,'Lipitor','2025-12-08 12:41:27'),(55,55,55,55,'INSERT',NULL,'Ibuprofen','2025-12-08 12:41:27'),(56,56,56,56,'INSERT',NULL,'Paracetamol','2025-12-08 12:41:27'),(57,57,57,57,'INSERT',NULL,'Paracetamol','2025-12-08 12:41:27'),(58,58,58,58,'INSERT',NULL,'Ibuprofen','2025-12-08 12:41:27'),(59,59,59,59,'INSERT',NULL,'Ibuprofen','2025-12-08 12:41:27'),(60,60,60,60,'INSERT',NULL,'Paracetamol','2025-12-08 12:41:27'),(61,61,61,61,'INSERT',NULL,'Paracetamol','2025-12-08 12:41:27'),(62,62,62,62,'INSERT',NULL,'Ibuprofen','2025-12-08 12:41:27'),(63,63,63,63,'INSERT',NULL,'Aspirin','2025-12-08 12:41:27'),(64,64,64,64,'INSERT',NULL,'Aspirin','2025-12-08 12:41:27'),(65,65,65,65,'INSERT',NULL,'Aspirin','2025-12-08 12:41:27'),(66,66,66,66,'INSERT',NULL,'Lipitor','2025-12-08 12:41:27'),(67,67,67,67,'INSERT',NULL,'Penicillin','2025-12-08 12:41:27'),(68,68,68,68,'INSERT',NULL,'Lipitor','2025-12-08 12:41:27'),(69,69,69,69,'INSERT',NULL,'Penicillin','2025-12-08 12:41:27'),(70,70,70,70,'INSERT',NULL,'Penicillin','2025-12-08 12:41:27'),(71,71,71,71,'INSERT',NULL,'Ibuprofen','2025-12-08 12:41:27'),(72,72,72,72,'INSERT',NULL,'Aspirin','2025-12-08 12:41:27'),(73,73,73,73,'INSERT',NULL,'Paracetamol','2025-12-08 12:41:27'),(74,74,74,74,'INSERT',NULL,'Penicillin','2025-12-08 12:41:27'),(75,75,75,75,'INSERT',NULL,'Paracetamol','2025-12-08 12:41:27'),(76,76,76,76,'INSERT',NULL,'Paracetamol','2025-12-08 12:41:27'),(77,77,77,77,'INSERT',NULL,'Penicillin','2025-12-08 12:41:27'),(78,78,78,78,'INSERT',NULL,'Penicillin','2025-12-08 12:41:27'),(79,79,79,79,'INSERT',NULL,'Penicillin','2025-12-08 12:41:27'),(80,80,80,80,'INSERT',NULL,'Ibuprofen','2025-12-08 12:41:27'),(81,81,81,81,'INSERT',NULL,'Ibuprofen','2025-12-08 12:41:27'),(82,82,82,82,'INSERT',NULL,'Penicillin','2025-12-08 12:41:27'),(83,83,83,83,'INSERT',NULL,'Penicillin','2025-12-08 12:41:27'),(84,84,84,84,'INSERT',NULL,'Aspirin','2025-12-08 12:41:27'),(85,85,85,85,'INSERT',NULL,'Ibuprofen','2025-12-08 12:41:27'),(86,86,86,86,'INSERT',NULL,'Ibuprofen','2025-12-08 12:41:27'),(87,87,87,87,'INSERT',NULL,'Penicillin','2025-12-08 12:41:27'),(88,88,88,88,'INSERT',NULL,'Ibuprofen','2025-12-08 12:41:27'),(89,89,89,89,'INSERT',NULL,'Aspirin','2025-12-08 12:41:27'),(90,90,90,90,'INSERT',NULL,'Paracetamol','2025-12-08 12:41:27'),(91,91,91,91,'INSERT',NULL,'Penicillin','2025-12-08 12:41:27'),(92,92,92,92,'INSERT',NULL,'Lipitor','2025-12-08 12:41:27'),(93,93,93,93,'INSERT',NULL,'Ibuprofen','2025-12-08 12:41:27'),(94,94,94,94,'INSERT',NULL,'Ibuprofen','2025-12-08 12:41:27'),(95,95,95,95,'INSERT',NULL,'Lipitor','2025-12-08 12:41:27'),(96,96,96,96,'INSERT',NULL,'Lipitor','2025-12-08 12:41:27'),(97,97,97,97,'INSERT',NULL,'Aspirin','2025-12-08 12:41:27'),(98,98,98,98,'INSERT',NULL,'Ibuprofen','2025-12-08 12:41:27'),(99,99,99,99,'INSERT',NULL,'Aspirin','2025-12-08 12:41:27'),(100,100,100,100,'INSERT',NULL,'Aspirin','2025-12-08 12:41:27'),(101,101,101,101,'INSERT',NULL,'Aspirin','2025-12-08 12:41:27'),(102,102,102,102,'INSERT',NULL,'Aspirin','2025-12-08 12:41:27'),(103,103,103,103,'INSERT',NULL,'Ibuprofen','2025-12-08 12:41:27'),(104,104,104,104,'INSERT',NULL,'Penicillin','2025-12-08 12:41:27'),(105,105,105,105,'INSERT',NULL,'Aspirin','2025-12-08 12:41:27'),(106,106,106,106,'INSERT',NULL,'Ibuprofen','2025-12-08 12:41:27'),(107,107,107,107,'INSERT',NULL,'Aspirin','2025-12-08 12:41:27'),(108,108,108,108,'INSERT',NULL,'Penicillin','2025-12-08 12:41:27'),(109,109,109,109,'INSERT',NULL,'Penicillin','2025-12-08 12:41:27'),(110,110,110,110,'INSERT',NULL,'Ibuprofen','2025-12-08 12:41:27'),(111,111,111,111,'INSERT',NULL,'Paracetamol','2025-12-08 12:41:27'),(112,112,112,112,'INSERT',NULL,'Ibuprofen','2025-12-08 12:41:27'),(113,113,113,113,'INSERT',NULL,'Lipitor','2025-12-08 12:41:27'),(114,114,114,114,'INSERT',NULL,'Lipitor','2025-12-08 12:41:27'),(115,115,115,115,'INSERT',NULL,'Ibuprofen','2025-12-08 12:41:27'),(116,116,116,116,'INSERT',NULL,'Penicillin','2025-12-08 12:41:27'),(117,117,117,117,'INSERT',NULL,'Penicillin','2025-12-08 12:41:27'),(118,118,118,118,'INSERT',NULL,'Ibuprofen','2025-12-08 12:41:27'),(119,119,119,119,'INSERT',NULL,'Aspirin','2025-12-08 12:41:27'),(120,120,120,120,'INSERT',NULL,'Aspirin','2025-12-08 12:41:27'),(121,121,121,121,'INSERT',NULL,'Penicillin','2025-12-08 12:41:27'),(122,122,122,122,'INSERT',NULL,'Ibuprofen','2025-12-08 12:41:27'),(123,123,123,123,'INSERT',NULL,'Ibuprofen','2025-12-08 12:41:27'),(124,124,124,124,'INSERT',NULL,'Lipitor','2025-12-08 12:41:27'),(125,125,125,125,'INSERT',NULL,'Paracetamol','2025-12-08 12:41:27'),(126,126,126,126,'INSERT',NULL,'Ibuprofen','2025-12-08 12:41:27'),(127,127,127,127,'INSERT',NULL,'Lipitor','2025-12-08 12:41:27'),(128,128,128,128,'INSERT',NULL,'Aspirin','2025-12-08 12:41:27'),(129,129,129,129,'INSERT',NULL,'Penicillin','2025-12-08 12:41:27'),(130,130,130,130,'INSERT',NULL,'Ibuprofen','2025-12-08 12:41:27'),(131,131,131,131,'INSERT',NULL,'Aspirin','2025-12-08 12:41:27'),(132,132,132,132,'INSERT',NULL,'Paracetamol','2025-12-08 12:41:27'),(133,133,133,133,'INSERT',NULL,'Penicillin','2025-12-08 12:41:27'),(134,134,134,134,'INSERT',NULL,'Aspirin','2025-12-08 12:41:27'),(135,135,135,135,'INSERT',NULL,'Lipitor','2025-12-08 12:41:27'),(136,136,136,136,'INSERT',NULL,'Paracetamol','2025-12-08 12:41:27'),(137,137,137,137,'INSERT',NULL,'Lipitor','2025-12-08 12:41:27'),(138,138,138,138,'INSERT',NULL,'Paracetamol','2025-12-08 12:41:27'),(139,139,139,139,'INSERT',NULL,'Ibuprofen','2025-12-08 12:41:27'),(140,140,140,140,'INSERT',NULL,'Paracetamol','2025-12-08 12:41:27'),(141,141,141,141,'INSERT',NULL,'Aspirin','2025-12-08 12:41:27'),(142,142,142,142,'INSERT',NULL,'Lipitor','2025-12-08 12:41:27'),(143,143,143,143,'INSERT',NULL,'Lipitor','2025-12-08 12:41:27'),(144,144,144,144,'INSERT',NULL,'Paracetamol','2025-12-08 12:41:27'),(145,145,145,145,'INSERT',NULL,'Aspirin','2025-12-08 12:41:27'),(146,146,146,146,'INSERT',NULL,'Ibuprofen','2025-12-08 12:41:27'),(147,147,147,147,'INSERT',NULL,'Paracetamol','2025-12-08 12:41:27'),(148,148,148,148,'INSERT',NULL,'Penicillin','2025-12-08 12:41:27'),(149,149,149,149,'INSERT',NULL,'Ibuprofen','2025-12-08 12:41:27'),(150,150,150,150,'INSERT',NULL,'Ibuprofen','2025-12-08 12:41:27'),(151,151,151,151,'INSERT',NULL,'Paracetamol','2025-12-08 12:41:27'),(152,152,152,152,'INSERT',NULL,'Penicillin','2025-12-08 12:41:27'),(153,153,153,153,'INSERT',NULL,'Ibuprofen','2025-12-08 12:41:27'),(154,154,154,154,'INSERT',NULL,'Aspirin','2025-12-08 12:41:27'),(155,155,155,155,'INSERT',NULL,'Ibuprofen','2025-12-08 12:41:27'),(156,156,156,156,'INSERT',NULL,'Penicillin','2025-12-08 12:41:27'),(157,157,157,157,'INSERT',NULL,'Ibuprofen','2025-12-08 12:41:27'),(158,158,158,158,'INSERT',NULL,'Penicillin','2025-12-08 12:41:27'),(159,159,159,159,'INSERT',NULL,'Penicillin','2025-12-08 12:41:27'),(160,160,160,160,'INSERT',NULL,'Ibuprofen','2025-12-08 12:41:27'),(161,161,161,161,'INSERT',NULL,'Aspirin','2025-12-08 12:41:27'),(162,162,162,162,'INSERT',NULL,'Aspirin','2025-12-08 12:41:27'),(163,163,163,163,'INSERT',NULL,'Penicillin','2025-12-08 12:41:27'),(164,164,164,164,'INSERT',NULL,'Penicillin','2025-12-08 12:41:27'),(165,165,165,165,'INSERT',NULL,'Paracetamol','2025-12-08 12:41:27'),(166,166,166,166,'INSERT',NULL,'Ibuprofen','2025-12-08 12:41:27'),(167,167,167,167,'INSERT',NULL,'Lipitor','2025-12-08 12:41:27'),(168,168,168,168,'INSERT',NULL,'Lipitor','2025-12-08 12:41:27'),(169,169,169,169,'INSERT',NULL,'Paracetamol','2025-12-08 12:41:27'),(170,170,170,170,'INSERT',NULL,'Penicillin','2025-12-08 12:41:27'),(171,171,171,171,'INSERT',NULL,'Penicillin','2025-12-08 12:41:27'),(172,172,172,172,'INSERT',NULL,'Penicillin','2025-12-08 12:41:27'),(173,173,173,173,'INSERT',NULL,'Paracetamol','2025-12-08 12:41:27'),(174,174,174,174,'INSERT',NULL,'Ibuprofen','2025-12-08 12:41:27'),(175,175,175,175,'INSERT',NULL,'Paracetamol','2025-12-08 12:41:27'),(176,176,176,176,'INSERT',NULL,'Aspirin','2025-12-08 12:41:27'),(177,177,177,177,'INSERT',NULL,'Paracetamol','2025-12-08 12:41:27'),(178,178,178,178,'INSERT',NULL,'Ibuprofen','2025-12-08 12:41:27'),(179,179,179,179,'INSERT',NULL,'Lipitor','2025-12-08 12:41:27'),(180,180,180,180,'INSERT',NULL,'Lipitor','2025-12-08 12:41:27'),(181,181,181,181,'INSERT',NULL,'Penicillin','2025-12-08 12:41:27'),(182,182,182,182,'INSERT',NULL,'Lipitor','2025-12-08 12:41:27'),(183,183,183,183,'INSERT',NULL,'Lipitor','2025-12-08 12:41:27'),(184,184,184,184,'INSERT',NULL,'Ibuprofen','2025-12-08 12:41:27'),(185,185,185,185,'INSERT',NULL,'Paracetamol','2025-12-08 12:41:27'),(186,186,186,186,'INSERT',NULL,'Lipitor','2025-12-08 12:41:27'),(187,187,187,187,'INSERT',NULL,'Penicillin','2025-12-08 12:41:27'),(188,188,188,188,'INSERT',NULL,'Penicillin','2025-12-08 12:41:27'),(189,189,189,189,'INSERT',NULL,'Ibuprofen','2025-12-08 12:41:27'),(190,190,190,190,'INSERT',NULL,'Ibuprofen','2025-12-08 12:41:27'),(191,191,191,191,'INSERT',NULL,'Aspirin','2025-12-08 12:41:27'),(192,192,192,192,'INSERT',NULL,'Lipitor','2025-12-08 12:41:27'),(193,193,193,193,'INSERT',NULL,'Aspirin','2025-12-08 12:41:27'),(194,194,194,194,'INSERT',NULL,'Paracetamol','2025-12-08 12:41:27'),(195,195,195,195,'INSERT',NULL,'Lipitor','2025-12-08 12:41:27'),(196,196,196,196,'INSERT',NULL,'Ibuprofen','2025-12-08 12:41:27'),(197,197,197,197,'INSERT',NULL,'Paracetamol','2025-12-08 12:41:27'),(198,198,198,198,'INSERT',NULL,'Ibuprofen','2025-12-08 12:41:27'),(199,199,199,199,'INSERT',NULL,'Lipitor','2025-12-08 12:41:27'),(200,200,200,200,'INSERT',NULL,'Lipitor','2025-12-08 12:41:27'),(201,201,201,201,'INSERT',NULL,'Ibuprofen','2025-12-08 12:41:27'),(202,1,1,1,'INSERT',NULL,'Paracetamol','2025-12-08 12:51:46'),(203,2,2,2,'INSERT',NULL,'Ibuprofen','2025-12-08 12:51:46'),(204,3,3,3,'INSERT',NULL,'Aspirin','2025-12-08 12:51:46'),(205,4,4,4,'INSERT',NULL,'Ibuprofen','2025-12-08 12:51:46'),(206,5,5,5,'INSERT',NULL,'Penicillin','2025-12-08 12:51:46'),(207,6,6,6,'INSERT',NULL,'Ibuprofen','2025-12-08 12:51:46'),(208,7,7,7,'INSERT',NULL,'Paracetamol','2025-12-08 12:51:46'),(209,8,8,8,'INSERT',NULL,'Paracetamol','2025-12-08 12:51:46'),(210,9,9,9,'INSERT',NULL,'Aspirin','2025-12-08 12:51:46'),(211,10,10,10,'INSERT',NULL,'Paracetamol','2025-12-08 12:51:46'),(212,11,11,11,'INSERT',NULL,'Paracetamol','2025-12-08 12:51:46'),(213,12,12,12,'INSERT',NULL,'Lipitor','2025-12-08 12:51:46'),(214,13,13,13,'INSERT',NULL,'Penicillin','2025-12-08 12:51:46'),(215,14,14,14,'INSERT',NULL,'Lipitor','2025-12-08 12:51:46'),(216,15,15,15,'INSERT',NULL,'Paracetamol','2025-12-08 12:51:46'),(217,16,16,16,'INSERT',NULL,'Aspirin','2025-12-08 12:51:46'),(218,17,17,17,'INSERT',NULL,'Paracetamol','2025-12-08 12:51:46'),(219,18,18,18,'INSERT',NULL,'Paracetamol','2025-12-08 12:51:46'),(220,19,19,19,'INSERT',NULL,'Aspirin','2025-12-08 12:51:46'),(221,20,20,20,'INSERT',NULL,'Penicillin','2025-12-08 12:51:46'),(222,21,21,21,'INSERT',NULL,'Aspirin','2025-12-08 12:51:46'),(223,22,22,22,'INSERT',NULL,'Lipitor','2025-12-08 12:51:46'),(224,23,23,23,'INSERT',NULL,'Lipitor','2025-12-08 12:51:46'),(225,24,24,24,'INSERT',NULL,'Lipitor','2025-12-08 12:51:46'),(226,25,25,25,'INSERT',NULL,'Paracetamol','2025-12-08 12:51:46'),(227,26,26,26,'INSERT',NULL,'Aspirin','2025-12-08 12:51:46'),(228,27,27,27,'INSERT',NULL,'Ibuprofen','2025-12-08 12:51:46'),(229,28,28,28,'INSERT',NULL,'Lipitor','2025-12-08 12:51:46'),(230,29,29,29,'INSERT',NULL,'Penicillin','2025-12-08 12:51:46'),(231,30,30,30,'INSERT',NULL,'Paracetamol','2025-12-08 12:51:46'),(232,31,31,31,'INSERT',NULL,'Ibuprofen','2025-12-08 12:51:46'),(233,32,32,32,'INSERT',NULL,'Penicillin','2025-12-08 12:51:46'),(234,33,33,33,'INSERT',NULL,'Penicillin','2025-12-08 12:51:46'),(235,34,34,34,'INSERT',NULL,'Ibuprofen','2025-12-08 12:51:46'),(236,35,35,35,'INSERT',NULL,'Lipitor','2025-12-08 12:51:46'),(237,36,36,36,'INSERT',NULL,'Lipitor','2025-12-08 12:51:46'),(238,37,37,37,'INSERT',NULL,'Paracetamol','2025-12-08 12:51:46'),(239,38,38,38,'INSERT',NULL,'Ibuprofen','2025-12-08 12:51:46'),(240,39,39,39,'INSERT',NULL,'Lipitor','2025-12-08 12:51:46'),(241,40,40,40,'INSERT',NULL,'Penicillin','2025-12-08 12:51:46'),(242,41,41,41,'INSERT',NULL,'Lipitor','2025-12-08 12:51:46'),(243,42,42,42,'INSERT',NULL,'Aspirin','2025-12-08 12:51:46'),(244,43,43,43,'INSERT',NULL,'Paracetamol','2025-12-08 12:51:46'),(245,44,44,44,'INSERT',NULL,'Paracetamol','2025-12-08 12:51:46'),(246,45,45,45,'INSERT',NULL,'Penicillin','2025-12-08 12:51:46'),(247,46,46,46,'INSERT',NULL,'Penicillin','2025-12-08 12:51:46'),(248,47,47,47,'INSERT',NULL,'Paracetamol','2025-12-08 12:51:46'),(249,48,48,48,'INSERT',NULL,'Aspirin','2025-12-08 12:51:46'),(250,49,49,49,'INSERT',NULL,'Ibuprofen','2025-12-08 12:51:46'),(251,50,50,50,'INSERT',NULL,'Ibuprofen','2025-12-08 12:51:46'),(252,51,51,51,'INSERT',NULL,'Paracetamol','2025-12-08 12:51:46'),(253,52,52,52,'INSERT',NULL,'Ibuprofen','2025-12-08 12:51:46'),(254,53,53,53,'INSERT',NULL,'Penicillin','2025-12-08 12:51:46'),(255,54,54,54,'INSERT',NULL,'Lipitor','2025-12-08 12:51:46'),(256,55,55,55,'INSERT',NULL,'Ibuprofen','2025-12-08 12:51:46'),(257,56,56,56,'INSERT',NULL,'Paracetamol','2025-12-08 12:51:46'),(258,57,57,57,'INSERT',NULL,'Paracetamol','2025-12-08 12:51:46'),(259,58,58,58,'INSERT',NULL,'Ibuprofen','2025-12-08 12:51:46'),(260,59,59,59,'INSERT',NULL,'Ibuprofen','2025-12-08 12:51:46'),(261,60,60,60,'INSERT',NULL,'Paracetamol','2025-12-08 12:51:46'),(262,61,61,61,'INSERT',NULL,'Paracetamol','2025-12-08 12:51:46'),(263,62,62,62,'INSERT',NULL,'Ibuprofen','2025-12-08 12:51:46'),(264,63,63,63,'INSERT',NULL,'Aspirin','2025-12-08 12:51:46'),(265,64,64,64,'INSERT',NULL,'Aspirin','2025-12-08 12:51:46'),(266,65,65,65,'INSERT',NULL,'Aspirin','2025-12-08 12:51:46'),(267,66,66,66,'INSERT',NULL,'Lipitor','2025-12-08 12:51:46'),(268,67,67,67,'INSERT',NULL,'Penicillin','2025-12-08 12:51:46'),(269,68,68,68,'INSERT',NULL,'Lipitor','2025-12-08 12:51:46'),(270,69,69,69,'INSERT',NULL,'Penicillin','2025-12-08 12:51:46'),(271,70,70,70,'INSERT',NULL,'Penicillin','2025-12-08 12:51:46'),(272,71,71,71,'INSERT',NULL,'Ibuprofen','2025-12-08 12:51:46'),(273,72,72,72,'INSERT',NULL,'Aspirin','2025-12-08 12:51:46'),(274,73,73,73,'INSERT',NULL,'Paracetamol','2025-12-08 12:51:46'),(275,74,74,74,'INSERT',NULL,'Penicillin','2025-12-08 12:51:46'),(276,75,75,75,'INSERT',NULL,'Paracetamol','2025-12-08 12:51:46'),(277,76,76,76,'INSERT',NULL,'Paracetamol','2025-12-08 12:51:46'),(278,77,77,77,'INSERT',NULL,'Penicillin','2025-12-08 12:51:46'),(279,78,78,78,'INSERT',NULL,'Penicillin','2025-12-08 12:51:46'),(280,79,79,79,'INSERT',NULL,'Penicillin','2025-12-08 12:51:46'),(281,80,80,80,'INSERT',NULL,'Ibuprofen','2025-12-08 12:51:46'),(282,81,81,81,'INSERT',NULL,'Ibuprofen','2025-12-08 12:51:46'),(283,82,82,82,'INSERT',NULL,'Penicillin','2025-12-08 12:51:46'),(284,83,83,83,'INSERT',NULL,'Penicillin','2025-12-08 12:51:46'),(285,84,84,84,'INSERT',NULL,'Aspirin','2025-12-08 12:51:46'),(286,85,85,85,'INSERT',NULL,'Ibuprofen','2025-12-08 12:51:46'),(287,86,86,86,'INSERT',NULL,'Ibuprofen','2025-12-08 12:51:46'),(288,87,87,87,'INSERT',NULL,'Penicillin','2025-12-08 12:51:46'),(289,88,88,88,'INSERT',NULL,'Ibuprofen','2025-12-08 12:51:46'),(290,89,89,89,'INSERT',NULL,'Aspirin','2025-12-08 12:51:46'),(291,90,90,90,'INSERT',NULL,'Paracetamol','2025-12-08 12:51:46'),(292,91,91,91,'INSERT',NULL,'Penicillin','2025-12-08 12:51:46'),(293,92,92,92,'INSERT',NULL,'Lipitor','2025-12-08 12:51:46'),(294,93,93,93,'INSERT',NULL,'Ibuprofen','2025-12-08 12:51:46'),(295,94,94,94,'INSERT',NULL,'Ibuprofen','2025-12-08 12:51:46'),(296,95,95,95,'INSERT',NULL,'Lipitor','2025-12-08 12:51:46'),(297,96,96,96,'INSERT',NULL,'Lipitor','2025-12-08 12:51:46'),(298,97,97,97,'INSERT',NULL,'Aspirin','2025-12-08 12:51:46'),(299,98,98,98,'INSERT',NULL,'Ibuprofen','2025-12-08 12:51:46'),(300,99,99,99,'INSERT',NULL,'Aspirin','2025-12-08 12:51:46'),(301,100,100,100,'INSERT',NULL,'Aspirin','2025-12-08 12:51:46'),(302,101,101,101,'INSERT',NULL,'Aspirin','2025-12-08 12:51:46'),(303,102,102,102,'INSERT',NULL,'Aspirin','2025-12-08 12:51:46'),(304,103,103,103,'INSERT',NULL,'Ibuprofen','2025-12-08 12:51:46'),(305,104,104,104,'INSERT',NULL,'Penicillin','2025-12-08 12:51:46'),(306,105,105,105,'INSERT',NULL,'Aspirin','2025-12-08 12:51:46'),(307,106,106,106,'INSERT',NULL,'Ibuprofen','2025-12-08 12:51:46'),(308,107,107,107,'INSERT',NULL,'Aspirin','2025-12-08 12:51:46'),(309,108,108,108,'INSERT',NULL,'Penicillin','2025-12-08 12:51:46'),(310,109,109,109,'INSERT',NULL,'Penicillin','2025-12-08 12:51:46'),(311,110,110,110,'INSERT',NULL,'Ibuprofen','2025-12-08 12:51:46'),(312,111,111,111,'INSERT',NULL,'Paracetamol','2025-12-08 12:51:46'),(313,112,112,112,'INSERT',NULL,'Ibuprofen','2025-12-08 12:51:46'),(314,113,113,113,'INSERT',NULL,'Lipitor','2025-12-08 12:51:46'),(315,114,114,114,'INSERT',NULL,'Lipitor','2025-12-08 12:51:46'),(316,115,115,115,'INSERT',NULL,'Ibuprofen','2025-12-08 12:51:46'),(317,116,116,116,'INSERT',NULL,'Penicillin','2025-12-08 12:51:46'),(318,117,117,117,'INSERT',NULL,'Penicillin','2025-12-08 12:51:46'),(319,118,118,118,'INSERT',NULL,'Ibuprofen','2025-12-08 12:51:46'),(320,119,119,119,'INSERT',NULL,'Aspirin','2025-12-08 12:51:46'),(321,120,120,120,'INSERT',NULL,'Aspirin','2025-12-08 12:51:46'),(322,121,121,121,'INSERT',NULL,'Penicillin','2025-12-08 12:51:46'),(323,122,122,122,'INSERT',NULL,'Ibuprofen','2025-12-08 12:51:46'),(324,123,123,123,'INSERT',NULL,'Ibuprofen','2025-12-08 12:51:46'),(325,124,124,124,'INSERT',NULL,'Lipitor','2025-12-08 12:51:46'),(326,125,125,125,'INSERT',NULL,'Paracetamol','2025-12-08 12:51:46'),(327,126,126,126,'INSERT',NULL,'Ibuprofen','2025-12-08 12:51:46'),(328,127,127,127,'INSERT',NULL,'Lipitor','2025-12-08 12:51:46'),(329,128,128,128,'INSERT',NULL,'Aspirin','2025-12-08 12:51:46'),(330,129,129,129,'INSERT',NULL,'Penicillin','2025-12-08 12:51:46'),(331,130,130,130,'INSERT',NULL,'Ibuprofen','2025-12-08 12:51:46'),(332,131,131,131,'INSERT',NULL,'Aspirin','2025-12-08 12:51:46'),(333,132,132,132,'INSERT',NULL,'Paracetamol','2025-12-08 12:51:46'),(334,133,133,133,'INSERT',NULL,'Penicillin','2025-12-08 12:51:46'),(335,134,134,134,'INSERT',NULL,'Aspirin','2025-12-08 12:51:46'),(336,135,135,135,'INSERT',NULL,'Lipitor','2025-12-08 12:51:46'),(337,136,136,136,'INSERT',NULL,'Paracetamol','2025-12-08 12:51:46'),(338,137,137,137,'INSERT',NULL,'Lipitor','2025-12-08 12:51:46'),(339,138,138,138,'INSERT',NULL,'Paracetamol','2025-12-08 12:51:46'),(340,139,139,139,'INSERT',NULL,'Ibuprofen','2025-12-08 12:51:46'),(341,140,140,140,'INSERT',NULL,'Paracetamol','2025-12-08 12:51:46'),(342,141,141,141,'INSERT',NULL,'Aspirin','2025-12-08 12:51:46'),(343,142,142,142,'INSERT',NULL,'Lipitor','2025-12-08 12:51:46'),(344,143,143,143,'INSERT',NULL,'Lipitor','2025-12-08 12:51:46'),(345,144,144,144,'INSERT',NULL,'Paracetamol','2025-12-08 12:51:46'),(346,145,145,145,'INSERT',NULL,'Aspirin','2025-12-08 12:51:46'),(347,146,146,146,'INSERT',NULL,'Ibuprofen','2025-12-08 12:51:46'),(348,147,147,147,'INSERT',NULL,'Paracetamol','2025-12-08 12:51:46'),(349,148,148,148,'INSERT',NULL,'Penicillin','2025-12-08 12:51:46'),(350,149,149,149,'INSERT',NULL,'Ibuprofen','2025-12-08 12:51:46'),(351,150,150,150,'INSERT',NULL,'Ibuprofen','2025-12-08 12:51:46'),(352,151,151,151,'INSERT',NULL,'Paracetamol','2025-12-08 12:51:46'),(353,152,152,152,'INSERT',NULL,'Penicillin','2025-12-08 12:51:46'),(354,153,153,153,'INSERT',NULL,'Ibuprofen','2025-12-08 12:51:46'),(355,154,154,154,'INSERT',NULL,'Aspirin','2025-12-08 12:51:46'),(356,155,155,155,'INSERT',NULL,'Ibuprofen','2025-12-08 12:51:46'),(357,156,156,156,'INSERT',NULL,'Penicillin','2025-12-08 12:51:46'),(358,157,157,157,'INSERT',NULL,'Ibuprofen','2025-12-08 12:51:46'),(359,158,158,158,'INSERT',NULL,'Penicillin','2025-12-08 12:51:46'),(360,159,159,159,'INSERT',NULL,'Penicillin','2025-12-08 12:51:46'),(361,160,160,160,'INSERT',NULL,'Ibuprofen','2025-12-08 12:51:46'),(362,161,161,161,'INSERT',NULL,'Aspirin','2025-12-08 12:51:46'),(363,162,162,162,'INSERT',NULL,'Aspirin','2025-12-08 12:51:46'),(364,163,163,163,'INSERT',NULL,'Penicillin','2025-12-08 12:51:46'),(365,164,164,164,'INSERT',NULL,'Penicillin','2025-12-08 12:51:46'),(366,165,165,165,'INSERT',NULL,'Paracetamol','2025-12-08 12:51:46'),(367,166,166,166,'INSERT',NULL,'Ibuprofen','2025-12-08 12:51:46'),(368,167,167,167,'INSERT',NULL,'Lipitor','2025-12-08 12:51:46'),(369,168,168,168,'INSERT',NULL,'Lipitor','2025-12-08 12:51:46'),(370,169,169,169,'INSERT',NULL,'Paracetamol','2025-12-08 12:51:46'),(371,170,170,170,'INSERT',NULL,'Penicillin','2025-12-08 12:51:46'),(372,171,171,171,'INSERT',NULL,'Penicillin','2025-12-08 12:51:46'),(373,172,172,172,'INSERT',NULL,'Penicillin','2025-12-08 12:51:46'),(374,173,173,173,'INSERT',NULL,'Paracetamol','2025-12-08 12:51:46'),(375,174,174,174,'INSERT',NULL,'Ibuprofen','2025-12-08 12:51:46'),(376,175,175,175,'INSERT',NULL,'Paracetamol','2025-12-08 12:51:46'),(377,176,176,176,'INSERT',NULL,'Aspirin','2025-12-08 12:51:46'),(378,177,177,177,'INSERT',NULL,'Paracetamol','2025-12-08 12:51:46'),(379,178,178,178,'INSERT',NULL,'Ibuprofen','2025-12-08 12:51:46'),(380,179,179,179,'INSERT',NULL,'Lipitor','2025-12-08 12:51:46'),(381,180,180,180,'INSERT',NULL,'Lipitor','2025-12-08 12:51:46'),(382,181,181,181,'INSERT',NULL,'Penicillin','2025-12-08 12:51:46'),(383,182,182,182,'INSERT',NULL,'Lipitor','2025-12-08 12:51:46'),(384,183,183,183,'INSERT',NULL,'Lipitor','2025-12-08 12:51:46'),(385,184,184,184,'INSERT',NULL,'Ibuprofen','2025-12-08 12:51:46'),(386,185,185,185,'INSERT',NULL,'Paracetamol','2025-12-08 12:51:46'),(387,186,186,186,'INSERT',NULL,'Lipitor','2025-12-08 12:51:46'),(388,187,187,187,'INSERT',NULL,'Penicillin','2025-12-08 12:51:46'),(389,188,188,188,'INSERT',NULL,'Penicillin','2025-12-08 12:51:46'),(390,189,189,189,'INSERT',NULL,'Ibuprofen','2025-12-08 12:51:46'),(391,190,190,190,'INSERT',NULL,'Ibuprofen','2025-12-08 12:51:46'),(392,191,191,191,'INSERT',NULL,'Aspirin','2025-12-08 12:51:46'),(393,192,192,192,'INSERT',NULL,'Lipitor','2025-12-08 12:51:46'),(394,193,193,193,'INSERT',NULL,'Aspirin','2025-12-08 12:51:46'),(395,194,194,194,'INSERT',NULL,'Paracetamol','2025-12-08 12:51:46'),(396,195,195,195,'INSERT',NULL,'Lipitor','2025-12-08 12:51:46'),(397,196,196,196,'INSERT',NULL,'Ibuprofen','2025-12-08 12:51:46'),(398,197,197,197,'INSERT',NULL,'Paracetamol','2025-12-08 12:51:46'),(399,198,198,198,'INSERT',NULL,'Ibuprofen','2025-12-08 12:51:46'),(400,199,199,199,'INSERT',NULL,'Lipitor','2025-12-08 12:51:46'),(401,200,200,200,'INSERT',NULL,'Lipitor','2025-12-08 12:51:46'),(402,201,201,201,'INSERT',NULL,'Ibuprofen','2025-12-08 12:51:46');
/*!40000 ALTER TABLE `medicationaudit` ENABLE KEYS */;

--
-- Table structure for table `medications`
--

DROP TABLE IF EXISTS `medications`;
/*!40101 SET @saved_cs_client     = @@character_set_client */;
/*!50503 SET character_set_client = utf8mb4 */;
CREATE TABLE `medications` (
  `MedicationID` int NOT NULL AUTO_INCREMENT,
  `VisitID` int NOT NULL,
  `DoctorID` int NOT NULL,
  `MedicationName` varchar(200) DEFAULT NULL,
  PRIMARY KEY (`MedicationID`),
  KEY `VisitID` (`VisitID`),
  KEY `DoctorID` (`DoctorID`),
  CONSTRAINT `medications_ibfk_1` FOREIGN KEY (`VisitID`) REFERENCES `visits` (`VisitID`),
  CONSTRAINT `medications_ibfk_2` FOREIGN KEY (`DoctorID`) REFERENCES `doctors` (`DoctorID`)
) ENGINE=InnoDB AUTO_INCREMENT=202 DEFAULT CHARSET=utf8mb4 COLLATE=utf8mb4_0900_ai_ci;
/*!40101 SET character_set_client = @saved_cs_client */;

--
-- Dumping data for table `medications`
--

/*!40000 ALTER TABLE `medications` DISABLE KEYS */;
INSERT INTO `medications` VALUES (1,1,1,'Paracetamol'),(2,2,2,'Ibuprofen'),(3,3,3,'Aspirin'),(4,4,4,'Ibuprofen'),(5,5,5,'Penicillin'),(6,6,6,'Ibuprofen'),(7,7,7,'Paracetamol'),(8,8,8,'Paracetamol'),(9,9,9,'Aspirin'),(10,10,10,'Paracetamol'),(11,11,11,'Paracetamol'),(12,12,12,'Lipitor'),(13,13,13,'Penicillin'),(14,14,14,'Lipitor'),(15,15,15,'Paracetamol'),(16,16,16,'Aspirin'),(17,17,17,'Paracetamol'),(18,18,18,'Paracetamol'),(19,19,19,'Aspirin'),(20,20,20,'Penicillin'),(21,21,21,'Aspirin'),(22,22,22,'Lipitor'),(23,23,23,'Lipitor'),(24,24,24,'Lipitor'),(25,25,25,'Paracetamol'),(26,26,26,'Aspirin'),(27,27,27,'Ibuprofen'),(28,28,28,'Lipitor'),(29,29,29,'Penicillin'),(30,30,30,'Paracetamol'),(31,31,31,'Ibuprofen'),(32,32,32,'Penicillin'),(33,33,33,'Penicillin'),(34,34,34,'Ibuprofen'),(35,35,35,'Lipitor'),(36,36,36,'Lipitor'),(37,37,37,'Paracetamol'),(38,38,38,'Ibuprofen'),(39,39,39,'Lipitor'),(40,40,40,'Penicillin'),(41,41,41,'Lipitor'),(42,42,42,'Aspirin'),(43,43,43,'Paracetamol'),(44,44,44,'Paracetamol'),(45,45,45,'Penicillin'),(46,46,46,'Penicillin'),(47,47,47,'Paracetamol'),(48,48,48,'Aspirin'),(49,49,49,'Ibuprofen'),(50,50,50,'Ibuprofen'),(51,51,51,'Paracetamol'),(52,52,52,'Ibuprofen'),(53,53,53,'Penicillin'),(54,54,54,'Lipitor'),(55,55,55,'Ibuprofen'),(56,56,56,'Paracetamol'),(57,57,57,'Paracetamol'),(58,58,58,'Ibuprofen'),(59,59,59,'Ibuprofen'),(60,60,60,'Paracetamol'),(61,61,61,'Paracetamol'),(62,62,62,'Ibuprofen'),(63,63,63,'Aspirin'),(64,64,64,'Aspirin'),(65,65,65,'Aspirin'),(66,66,66,'Lipitor'),(67,67,67,'Penicillin'),(68,68,68,'Lipitor'),(69,69,69,'Penicillin'),(70,70,70,'Penicillin'),(71,71,71,'Ibuprofen'),(72,72,72,'Aspirin'),(73,73,73,'Paracetamol'),(74,74,74,'Penicillin'),(75,75,75,'Paracetamol'),(76,76,76,'Paracetamol'),(77,77,77,'Penicillin'),(78,78,78,'Penicillin'),(79,79,79,'Penicillin'),(80,80,80,'Ibuprofen'),(81,81,81,'Ibuprofen'),(82,82,82,'Penicillin'),(83,83,83,'Penicillin'),(84,84,84,'Aspirin'),(85,85,85,'Ibuprofen'),(86,86,86,'Ibuprofen'),(87,87,87,'Penicillin'),(88,88,88,'Ibuprofen'),(89,89,89,'Aspirin'),(90,90,90,'Paracetamol'),(91,91,91,'Penicillin'),(92,92,92,'Lipitor'),(93,93,93,'Ibuprofen'),(94,94,94,'Ibuprofen'),(95,95,95,'Lipitor'),(96,96,96,'Lipitor'),(97,97,97,'Aspirin'),(98,98,98,'Ibuprofen'),(99,99,99,'Aspirin'),(100,100,100,'Aspirin'),(101,101,101,'Aspirin'),(102,102,102,'Aspirin'),(103,103,103,'Ibuprofen'),(104,104,104,'Penicillin'),(105,105,105,'Aspirin'),(106,106,106,'Ibuprofen'),(107,107,107,'Aspirin'),(108,108,108,'Penicillin'),(109,109,109,'Penicillin'),(110,110,110,'Ibuprofen'),(111,111,111,'Paracetamol'),(112,112,112,'Ibuprofen'),(113,113,113,'Lipitor'),(114,114,114,'Lipitor'),(115,115,115,'Ibuprofen'),(116,116,116,'Penicillin'),(117,117,117,'Penicillin'),(118,118,118,'Ibuprofen'),(119,119,119,'Aspirin'),(120,120,120,'Aspirin'),(121,121,121,'Penicillin'),(122,122,122,'Ibuprofen'),(123,123,123,'Ibuprofen'),(124,124,124,'Lipitor'),(125,125,125,'Paracetamol'),(126,126,126,'Ibuprofen'),(127,127,127,'Lipitor'),(128,128,128,'Aspirin'),(129,129,129,'Penicillin'),(130,130,130,'Ibuprofen'),(131,131,131,'Aspirin'),(132,132,132,'Paracetamol'),(133,133,133,'Penicillin'),(134,134,134,'Aspirin'),(135,135,135,'Lipitor'),(136,136,136,'Paracetamol'),(137,137,137,'Lipitor'),(138,138,138,'Paracetamol'),(139,139,139,'Ibuprofen'),(140,140,140,'Paracetamol'),(141,141,141,'Aspirin'),(142,142,142,'Lipitor'),(143,143,143,'Lipitor'),(144,144,144,'Paracetamol'),(145,145,145,'Aspirin'),(146,146,146,'Ibuprofen'),(147,147,147,'Paracetamol'),(148,148,148,'Penicillin'),(149,149,149,'Ibuprofen'),(150,150,150,'Ibuprofen'),(151,151,151,'Paracetamol'),(152,152,152,'Penicillin'),(153,153,153,'Ibuprofen'),(154,154,154,'Aspirin'),(155,155,155,'Ibuprofen'),(156,156,156,'Penicillin'),(157,157,157,'Ibuprofen'),(158,158,158,'Penicillin'),(159,159,159,'Penicillin'),(160,160,160,'Ibuprofen'),(161,161,161,'Aspirin'),(162,162,162,'Aspirin'),(163,163,163,'Penicillin'),(164,164,164,'Penicillin'),(165,165,165,'Paracetamol'),(166,166,166,'Ibuprofen'),(167,167,167,'Lipitor'),(168,168,168,'Lipitor'),(169,169,169,'Paracetamol'),(170,170,170,'Penicillin'),(171,171,171,'Penicillin'),(172,172,172,'Penicillin'),(173,173,173,'Paracetamol'),(174,174,174,'Ibuprofen'),(175,175,175,'Paracetamol'),(176,176,176,'Aspirin'),(177,177,177,'Paracetamol'),(178,178,178,'Ibuprofen'),(179,179,179,'Lipitor'),(180,180,180,'Lipitor'),(181,181,181,'Penicillin'),(182,182,182,'Lipitor'),(183,183,183,'Lipitor'),(184,184,184,'Ibuprofen'),(185,185,185,'Paracetamol'),(186,186,186,'Lipitor'),(187,187,187,'Penicillin'),(188,188,188,'Penicillin'),(189,189,189,'Ibuprofen'),(190,190,190,'Ibuprofen'),(191,191,191,'Aspirin'),(192,192,192,'Lipitor'),(193,193,193,'Aspirin'),(194,194,194,'Paracetamol'),(195,195,195,'Lipitor'),(196,196,196,'Ibuprofen'),(197,197,197,'Paracetamol'),(198,198,198,'Ibuprofen'),(199,199,199,'Lipitor'),(200,200,200,'Lipitor'),(201,201,201,'Ibuprofen');
/*!40000 ALTER TABLE `medications` ENABLE KEYS */;
/*!50003 SET @saved_cs_client      = @@character_set_client */ ;
/*!50003 SET @saved_cs_results     = @@character_set_results */ ;
/*!50003 SET @saved_col_connection = @@collation_connection */ ;
/*!50003 SET character_set_client  = utf8mb4 */ ;
/*!50003 SET character_set_results = utf8mb4 */ ;
/*!50003 SET collation_connection  = utf8mb4_unicode_ci */ ;
/*!50003 SET @saved_sql_mode       = @@sql_mode */ ;
/*!50003 SET sql_mode              = 'IGNORE_SPACE,ONLY_FULL_GROUP_BY,STRICT_TRANS_TABLES,NO_ZERO_IN_DATE,NO_ZERO_DATE,ERROR_FOR_DIVISION_BY_ZERO,NO_ENGINE_SUBSTITUTION' */ ;
DELIMITER ;;
/*!50003 CREATE*/ /*!50017 DEFINER=`root`@`localhost`*/ /*!50003 TRIGGER `after_medication_insert` AFTER INSERT ON `medications` FOR EACH ROW BEGIN
    INSERT INTO MedicationAudit (MedicationID, VisitID, DoctorID, ActionType, NewMedicationName, ActionTime)
    VALUES (NEW.MedicationID, NEW.VisitID,
            (SELECT DoctorID FROM Visits WHERE VisitID = NEW.VisitID LIMIT 1),
            'INSERT', NEW.MedicationName, NOW());
END */;;
DELIMITER ;
/*!50003 SET sql_mode              = @saved_sql_mode */ ;
/*!50003 SET character_set_client  = @saved_cs_client */ ;
/*!50003 SET character_set_results = @saved_cs_results */ ;
/*!50003 SET collation_connection  = @saved_col_connection */ ;
/*!50003 SET @saved_cs_client      = @@character_set_client */ ;
/*!50003 SET @saved_cs_results     = @@character_set_results */ ;
/*!50003 SET @saved_col_connection = @@collation_connection */ ;
/*!50003 SET character_set_client  = utf8mb4 */ ;
/*!50003 SET character_set_results = utf8mb4 */ ;
/*!50003 SET collation_connection  = utf8mb4_unicode_ci */ ;
/*!50003 SET @saved_sql_mode       = @@sql_mode */ ;
/*!50003 SET sql_mode              = 'IGNORE_SPACE,ONLY_FULL_GROUP_BY,STRICT_TRANS_TABLES,NO_ZERO_IN_DATE,NO_ZERO_DATE,ERROR_FOR_DIVISION_BY_ZERO,NO_ENGINE_SUBSTITUTION' */ ;
DELIMITER ;;
/*!50003 CREATE*/ /*!50017 DEFINER=`root`@`localhost`*/ /*!50003 TRIGGER `after_medication_update` AFTER UPDATE ON `medications` FOR EACH ROW BEGIN
    INSERT INTO MedicationAudit (MedicationID, VisitID, DoctorID, ActionType, OldMedicationName, NewMedicationName, ActionTime)
    VALUES (OLD.MedicationID, OLD.VisitID,
            (SELECT DoctorID FROM Visits WHERE VisitID = OLD.VisitID LIMIT 1),
            'UPDATE', OLD.MedicationName, NEW.MedicationName, NOW());
END */;;
DELIMITER ;
/*!50003 SET sql_mode              = @saved_sql_mode */ ;
/*!50003 SET character_set_client  = @saved_cs_client */ ;
/*!50003 SET character_set_results = @saved_cs_results */ ;
/*!50003 SET collation_connection  = @saved_col_connection */ ;

--
-- Table structure for table `medications_backup`
--

DROP TABLE IF EXISTS `medications_backup`;
/*!40101 SET @saved_cs_client     = @@character_set_client */;
/*!50503 SET character_set_client = utf8mb4 */;
CREATE TABLE `medications_backup` (
  `MedicationID` int NOT NULL AUTO_INCREMENT,
  `VisitID` int NOT NULL,
  `DoctorID` int NOT NULL,
  `MedicationName` varchar(200) DEFAULT NULL,
  PRIMARY KEY (`MedicationID`),
  KEY `VisitID` (`VisitID`),
  KEY `DoctorID` (`DoctorID`)
) ENGINE=InnoDB AUTO_INCREMENT=202 DEFAULT CHARSET=utf8mb4 COLLATE=utf8mb4_0900_ai_ci;
/*!40101 SET character_set_client = @saved_cs_client */;

--
-- Dumping data for table `medications_backup`
--

/*!40000 ALTER TABLE `medications_backup` DISABLE KEYS */;
INSERT INTO `medications_backup` VALUES (1,1,1,'Paracetamol'),(2,2,2,'Ibuprofen'),(3,3,3,'Aspirin'),(4,4,4,'Ibuprofen'),(5,5,5,'Penicillin'),(6,6,6,'Ibuprofen'),(7,7,7,'Paracetamol'),(8,8,8,'Paracetamol'),(9,9,9,'Aspirin'),(10,10,10,'Paracetamol'),(11,11,11,'Paracetamol'),(12,12,12,'Lipitor'),(13,13,13,'Penicillin'),(14,14,14,'Lipitor'),(15,15,15,'Paracetamol'),(16,16,16,'Aspirin'),(17,17,17,'Paracetamol'),(18,18,18,'Paracetamol'),(19,19,19,'Aspirin'),(20,20,20,'Penicillin'),(21,21,21,'Aspirin'),(22,22,22,'Lipitor'),(23,23,23,'Lipitor'),(24,24,24,'Lipitor'),(25,25,25,'Paracetamol'),(26,26,26,'Aspirin'),(27,27,27,'Ibuprofen'),(28,28,28,'Lipitor'),(29,29,29,'Penicillin'),(30,30,30,'Paracetamol'),(31,31,31,'Ibuprofen'),(32,32,32,'Penicillin'),(33,33,33,'Penicillin'),(34,34,34,'Ibuprofen'),(35,35,35,'Lipitor'),(36,36,36,'Lipitor'),(37,37,37,'Paracetamol'),(38,38,38,'Ibuprofen'),(39,39,39,'Lipitor'),(40,40,40,'Penicillin'),(41,41,41,'Lipitor'),(42,42,42,'Aspirin'),(43,43,43,'Paracetamol'),(44,44,44,'Paracetamol'),(45,45,45,'Penicillin'),(46,46,46,'Penicillin'),(47,47,47,'Paracetamol'),(48,48,48,'Aspirin'),(49,49,49,'Ibuprofen'),(50,50,50,'Ibuprofen'),(51,51,51,'Paracetamol'),(52,52,52,'Ibuprofen'),(53,53,53,'Penicillin'),(54,54,54,'Lipitor'),(55,55,55,'Ibuprofen'),(56,56,56,'Paracetamol'),(57,57,57,'Paracetamol'),(58,58,58,'Ibuprofen'),(59,59,59,'Ibuprofen'),(60,60,60,'Paracetamol'),(61,61,61,'Paracetamol'),(62,62,62,'Ibuprofen'),(63,63,63,'Aspirin'),(64,64,64,'Aspirin'),(65,65,65,'Aspirin'),(66,66,66,'Lipitor'),(67,67,67,'Penicillin'),(68,68,68,'Lipitor'),(69,69,69,'Penicillin'),(70,70,70,'Penicillin'),(71,71,71,'Ibuprofen'),(72,72,72,'Aspirin'),(73,73,73,'Paracetamol'),(74,74,74,'Penicillin'),(75,75,75,'Paracetamol'),(76,76,76,'Paracetamol'),(77,77,77,'Penicillin'),(78,78,78,'Penicillin'),(79,79,79,'Penicillin'),(80,80,80,'Ibuprofen'),(81,81,81,'Ibuprofen'),(82,82,82,'Penicillin'),(83,83,83,'Penicillin'),(84,84,84,'Aspirin'),(85,85,85,'Ibuprofen'),(86,86,86,'Ibuprofen'),(87,87,87,'Penicillin'),(88,88,88,'Ibuprofen'),(89,89,89,'Aspirin'),(90,90,90,'Paracetamol'),(91,91,91,'Penicillin'),(92,92,92,'Lipitor'),(93,93,93,'Ibuprofen'),(94,94,94,'Ibuprofen'),(95,95,95,'Lipitor'),(96,96,96,'Lipitor'),(97,97,97,'Aspirin'),(98,98,98,'Ibuprofen'),(99,99,99,'Aspirin'),(100,100,100,'Aspirin'),(101,101,101,'Aspirin'),(102,102,102,'Aspirin'),(103,103,103,'Ibuprofen'),(104,104,104,'Penicillin'),(105,105,105,'Aspirin'),(106,106,106,'Ibuprofen'),(107,107,107,'Aspirin'),(108,108,108,'Penicillin'),(109,109,109,'Penicillin'),(110,110,110,'Ibuprofen'),(111,111,111,'Paracetamol'),(112,112,112,'Ibuprofen'),(113,113,113,'Lipitor'),(114,114,114,'Lipitor'),(115,115,115,'Ibuprofen'),(116,116,116,'Penicillin'),(117,117,117,'Penicillin'),(118,118,118,'Ibuprofen'),(119,119,119,'Aspirin'),(120,120,120,'Aspirin'),(121,121,121,'Penicillin'),(122,122,122,'Ibuprofen'),(123,123,123,'Ibuprofen'),(124,124,124,'Lipitor'),(125,125,125,'Paracetamol'),(126,126,126,'Ibuprofen'),(127,127,127,'Lipitor'),(128,128,128,'Aspirin'),(129,129,129,'Penicillin'),(130,130,130,'Ibuprofen'),(131,131,131,'Aspirin'),(132,132,132,'Paracetamol'),(133,133,133,'Penicillin'),(134,134,134,'Aspirin'),(135,135,135,'Lipitor'),(136,136,136,'Paracetamol'),(137,137,137,'Lipitor'),(138,138,138,'Paracetamol'),(139,139,139,'Ibuprofen'),(140,140,140,'Paracetamol'),(141,141,141,'Aspirin'),(142,142,142,'Lipitor'),(143,143,143,'Lipitor'),(144,144,144,'Paracetamol'),(145,145,145,'Aspirin'),(146,146,146,'Ibuprofen'),(147,147,147,'Paracetamol'),(148,148,148,'Penicillin'),(149,149,149,'Ibuprofen'),(150,150,150,'Ibuprofen'),(151,151,151,'Paracetamol'),(152,152,152,'Penicillin'),(153,153,153,'Ibuprofen'),(154,154,154,'Aspirin'),(155,155,155,'Ibuprofen'),(156,156,156,'Penicillin'),(157,157,157,'Ibuprofen'),(158,158,158,'Penicillin'),(159,159,159,'Penicillin'),(160,160,160,'Ibuprofen'),(161,161,161,'Aspirin'),(162,162,162,'Aspirin'),(163,163,163,'Penicillin'),(164,164,164,'Penicillin'),(165,165,165,'Paracetamol'),(166,166,166,'Ibuprofen'),(167,167,167,'Lipitor'),(168,168,168,'Lipitor'),(169,169,169,'Paracetamol'),(170,170,170,'Penicillin'),(171,171,171,'Penicillin'),(172,172,172,'Penicillin'),(173,173,173,'Paracetamol'),(174,174,174,'Ibuprofen'),(175,175,175,'Paracetamol'),(176,176,176,'Aspirin'),(177,177,177,'Paracetamol'),(178,178,178,'Ibuprofen'),(179,179,179,'Lipitor'),(180,180,180,'Lipitor'),(181,181,181,'Penicillin'),(182,182,182,'Lipitor'),(183,183,183,'Lipitor'),(184,184,184,'Ibuprofen'),(185,185,185,'Paracetamol'),(186,186,186,'Lipitor'),(187,187,187,'Penicillin'),(188,188,188,'Penicillin'),(189,189,189,'Ibuprofen'),(190,190,190,'Ibuprofen'),(191,191,191,'Aspirin'),(192,192,192,'Lipitor'),(193,193,193,'Aspirin'),(194,194,194,'Paracetamol'),(195,195,195,'Lipitor'),(196,196,196,'Ibuprofen'),(197,197,197,'Paracetamol'),(198,198,198,'Ibuprofen'),(199,199,199,'Lipitor'),(200,200,200,'Lipitor'),(201,201,201,'Ibuprofen');
/*!40000 ALTER TABLE `medications_backup` ENABLE KEYS */;

--
-- Table structure for table `patient_backup`
--

DROP TABLE IF EXISTS `patient_backup`;
/*!40101 SET @saved_cs_client     = @@character_set_client */;
/*!50503 SET character_set_client = utf8mb4 */;
CREATE TABLE `patient_backup` (
  `PatientID` int NOT NULL AUTO_INCREMENT,
  `Name` varchar(100) NOT NULL,
  `Age` int DEFAULT NULL,
  `Gender` varchar(10) DEFAULT NULL,
  `BloodType` varchar(5) DEFAULT NULL,
  PRIMARY KEY (`PatientID`)
) ENGINE=InnoDB AUTO_INCREMENT=202 DEFAULT CHARSET=utf8mb4 COLLATE=utf8mb4_0900_ai_ci;
/*!40101 SET character_set_client = @saved_cs_client */;

--
-- Dumping data for table `patient_backup`
--

/*!40000 ALTER TABLE `patient_backup` DISABLE KEYS */;
INSERT INTO `patient_backup` VALUES (1,'Bobby Jackson',30,'Male','B-'),(2,'Leslie Terry',62,'Male','A+'),(3,'Danny Smith',76,'Female','A-'),(4,'Andrew Watts',28,'Female','O+'),(5,'Adrienne Bell',43,'Female','AB+'),(6,'Emily Johnson',36,'Male','A+'),(7,'Edward Edwards',21,'Female','AB-'),(8,'Christina Martinez',20,'Female','A+'),(9,'Jasmine Aguilar',82,'Male','AB+'),(10,'Christopher Berg',58,'Female','AB-'),(11,'Michelle Daniels',72,'Male','O+'),(12,'Aaron Martinez',38,'Female','A-'),(13,'Connor Hansen',75,'Female','A+'),(14,'Robert Bauer',68,'Female','AB+'),(15,'Brooke Brady',44,'Female','AB+'),(16,'Ms. Natalie Gamble',46,'Female','AB-'),(17,'Haley Perkins',63,'Female','A+'),(18,'Mrs. Jamie Campbell',38,'Male','AB-'),(19,'Luke Burgess',34,'Female','A-'),(20,'Daniel Schmidt',63,'Male','B+'),(21,'Timothy Burns',67,'Female','A-'),(22,'Christopher Bright',48,'Male','B+'),(23,'Kathryn Stewart',58,'Female','O+'),(24,'Dr. Eileen Thompson',59,'Male','A+'),(25,'Paul Henderson',72,'Female','AB+'),(26,'Peter Fitzgerald',73,'Male','AB+'),(27,'Cathy Small',51,'Female','O-'),(28,'Mr. Kenneth Moore',34,'Female','A+'),(29,'Mary Hunter',38,'Female','O-'),(30,'Joshua Oliver',63,'Female','B+'),(31,'Thomas Martinez',34,'Male','B-'),(32,'James Patterson',23,'Female','A+'),(33,'William Cooper',78,'Male','AB-'),(34,'Erin Ortega',43,'Male','AB-'),(35,'Nicole Rodriguez',30,'Female','AB+'),(36,'David Anderson',25,'Female','AB+'),(37,'Denise Torres',33,'Male','AB+'),(38,'Cassandra Robinson',26,'Female','B-'),(39,'Nicole Lucero',70,'Female','O-'),(40,'Pamela Fernandez',57,'Female','B-'),(41,'Christopher Lee',74,'Female','B-'),(42,'Thomas Morse',81,'Male','A+'),(43,'Mr. Eric Lane',49,'Female','A-'),(44,'Katherine Smith',26,'Female','AB+'),(45,'Paul Williams',81,'Female','AB-'),(46,'Lynn Martinez',65,'Male','O+'),(47,'Christopher Chapman',31,'Female','O+'),(48,'Chris Frye',58,'Male','A-'),(49,'Kyle Bennett',22,'Male','O+'),(50,'Brandon Collins',77,'Female','O+'),(51,'Michael Liu',30,'Male','AB-'),(52,'Stephanie Kent',42,'Female','A-'),(53,'Jesse Banks',67,'Female','AB+'),(54,'Peggy Lee',24,'Female','A-'),(55,'Tamara Hernandez',84,'Female','B-'),(56,'Mr. David Pierce Md',73,'Female','A-'),(57,'Bethany Moore',55,'Female','A+'),(58,'Michael Mills',23,'Male','O-'),(59,'Kyle Wiley',40,'Female','AB-'),(60,'Jacqueline Jordan',51,'Male','O+'),(61,'Ashley Gutierrez',83,'Male','AB+'),(62,'Kim Scott',63,'Male','A-'),(63,'Travis Carter',18,'Male','A+'),(64,'Larry Rodgers',23,'Female','B-'),(65,'Nancy Glover',58,'Male','A-'),(66,'Jessica King',27,'Male','AB-'),(67,'Christopher Gonzalez',59,'Male','B+'),(68,'John Hartman',27,'Male','B-'),(69,'Michael Miller',31,'Male','B+'),(70,'Erica Myers',19,'Female','A+'),(71,'Carol Patterson',29,'Female','O+'),(72,'Jose Lopez',18,'Male','A-'),(73,'Kevin Simmons Jr.',24,'Male','AB-'),(74,'Duane Haney',27,'Male','AB-'),(75,'Jonathan Yates',57,'Female','AB-'),(76,'John Thomas',74,'Female','A+'),(77,'Adrian Buckley',22,'Female','A-'),(78,'April Santiago',33,'Female','B-'),(79,'Diane Schultz',57,'Male','B+'),(80,'Timothy Myers',61,'Male','B+'),(81,'Nicole Hughes',20,'Male','O+'),(82,'Chad Moreno',67,'Male','AB+'),(83,'Sean Jennings',80,'Female','AB-'),(84,'Diane Branch',44,'Male','O+'),(85,'Cindy Orozco',26,'Female','B-'),(86,'Patricia Medina',80,'Male','AB+'),(87,'Kayla Padilla',63,'Male','B-'),(88,'Juan Klein',58,'Female','B-'),(89,'William Hill',38,'Female','A+'),(90,'Carl Best',60,'Male','B+'),(91,'Tina Griffin',49,'Male','B+'),(92,'Mr. Tyler Taylor Phd',80,'Male','A+'),(93,'Taylor Howell Dds',35,'Female','B+'),(94,'Michael Martin',84,'Male','A+'),(95,'Heather Miller',76,'Male','A+'),(96,'Catherine Gardner',79,'Female','A-'),(97,'Anne Thompson',76,'Female','O+'),(98,'Todd Cooper',55,'Female','A+'),(99,'Phillip Lyons',53,'Male','B-'),(100,'Mark Ford',18,'Male','B+'),(101,'Marcus Zamora',69,'Male','O+'),(102,'Katie Henry',70,'Male','B+'),(103,'William Morton',21,'Male','A+'),(104,'Katrina Martin',47,'Male','A-'),(105,'Hunter Mckay',85,'Male','A-'),(106,'Dwayne Davis',28,'Male','O+'),(107,'Sarah Caldwell',62,'Male','A-'),(108,'David Higgins',49,'Female','B-'),(109,'Bradley Combs',52,'Male','AB-'),(110,'Christina Schmitt',53,'Male','B+'),(111,'Colton Strong',55,'Male','AB-'),(112,'Mark Price',18,'Male','B-'),(113,'Suzanne Schneider',52,'Male','AB-'),(114,'Michael Hurley',67,'Male','AB-'),(115,'Lindsey Lambert',82,'Female','A+'),(116,'Rebecca Parsons',37,'Female','O+'),(117,'Judy Johnson',52,'Female','AB-'),(118,'Tonya Campbell',37,'Female','B+'),(119,'James Ross',83,'Female','A+'),(120,'Sara Cook',33,'Male','O-'),(121,'Anne Howell',22,'Female','A-'),(122,'Renee Bailey',19,'Female','B+'),(123,'Jeffrey Turner',85,'Female','O+'),(124,'Dr. Lauren Clark Dds',19,'Male','B+'),(125,'Terry Thomas',50,'Female','B-'),(126,'Jason Baker',50,'Female','O-'),(127,'Jessica Gutierrez',40,'Male','O+'),(128,'Courtney Hodges',57,'Male','AB-'),(129,'Anthony Reyes',82,'Male','AB+'),(130,'Leah Cross Dds',20,'Male','AB+'),(131,'Paul Martinez',20,'Male','B+'),(132,'Denise Rodriguez',19,'Female','A-'),(133,'Ashley Erickson',32,'Female','AB-'),(134,'Sean Cardenas',55,'Male','B-'),(135,'Alan Alvarez',81,'Male','B+'),(136,'Jessica Phillips',26,'Male','O-'),(137,'Timothy Coleman',54,'Female','AB+'),(138,'Christina Woods',57,'Male','B-'),(139,'Melissa Scott',38,'Female','AB+'),(140,'Gary Hopkins',54,'Male','O+'),(141,'April Valencia',42,'Male','A+'),(142,'Rita Archer',20,'Male','O-'),(143,'Kim Pena',44,'Female','O-'),(144,'Jason Foley',54,'Male','B+'),(145,'Shaun Guzman',21,'Female','AB-'),(146,'Matthew White',45,'Female','AB+'),(147,'Alexis Wilson',68,'Female','B+'),(148,'Jacqueline Marshall',27,'Male','A+'),(149,'Robert Higgins',42,'Male','AB-'),(150,'Sierra Morton',27,'Female','B-'),(151,'Natalie Stanton',80,'Male','B+'),(152,'Jessica Acevedo',21,'Male','O+'),(153,'Jennifer Mcmillan',84,'Female','A-'),(154,'Christopher Mcclain',67,'Female','O-'),(155,'Kevin Hicks',66,'Male','AB+'),(156,'Melinda Richards',37,'Female','A-'),(157,'Robyn Miranda',30,'Female','A-'),(158,'Scott Castillo',78,'Male','O+'),(159,'John Garcia',39,'Female','A+'),(160,'Michael Taylor',29,'Male','O-'),(161,'Jeffrey Wood',81,'Female','AB-'),(162,'Michael Smith',66,'Female','AB-'),(163,'William Griffith',65,'Male','B-'),(164,'Christina Lawrence',80,'Male','AB-'),(165,'Jessica Holmes',72,'Female','O-'),(166,'Tracey Greene',85,'Male','O-'),(167,'Amanda Lopez',68,'Female','O+'),(168,'Laura Peters',56,'Female','A-'),(169,'Lauren Anderson',53,'Female','O-'),(170,'William Campos',37,'Female','B+'),(171,'Jessica Gonzales',57,'Female','O+'),(172,'Bruce Gonzales',36,'Male','O+'),(173,'Robert Walsh',20,'Female','B+'),(174,'Lisa Lewis',83,'Male','O-'),(175,'William Ruiz',79,'Male','B+'),(176,'Steven Baldwin',62,'Male','O+'),(177,'Megan Colon',38,'Male','AB+'),(178,'Kimberly Brooks',75,'Female','B-'),(179,'Edward Smith Jr.',28,'Male','A+'),(180,'Allison Cordova',36,'Male','O-'),(181,'Linda Thomas',54,'Male','AB+'),(182,'Parker Moore',81,'Female','B-'),(183,'Tanya Soto',56,'Female','AB+'),(184,'Michael Jordan',30,'Male','AB-'),(185,'Christina Martin',64,'Female','A-'),(186,'Tracy Burke',76,'Male','A+'),(187,'David Spence',21,'Female','AB+'),(188,'Joseph Foster',59,'Female','O+'),(189,'Nicholas Hall',31,'Female','A-'),(190,'Christina Macias',36,'Female','O+'),(191,'Scott Jones',42,'Female','B+'),(192,'James Anderson',18,'Female','AB+'),(193,'Shaun Long',62,'Female','A+'),(194,'Kristina Mora',53,'Male','AB+'),(195,'Joshua Richmond',82,'Female','A+'),(196,'Mark Lawrence',19,'Female','O-'),(197,'John Ellis',83,'Female','A-'),(198,'Mrs. Tiffany Dennis',26,'Male','O-'),(199,'Cynthia Huang',51,'Male','O+'),(200,'Melissa Lawrence',20,'Male','O+'),(201,'Steven Goodwin',61,'Female','A-');
/*!40000 ALTER TABLE `patient_backup` ENABLE KEYS */;

--
-- Table structure for table `patientaudit`
--

DROP TABLE IF EXISTS `patientaudit`;
/*!40101 SET @saved_cs_client     = @@character_set_client */;
/*!50503 SET character_set_client = utf8mb4 */;
CREATE TABLE `patientaudit` (
  `AuditID` int NOT NULL AUTO_INCREMENT,
  `PatientID` int DEFAULT NULL,
  `ActionType` enum('INSERT','UPDATE','DELETE') DEFAULT NULL,
  `OldName` varchar(100) DEFAULT NULL,
  `NewName` varchar(100) DEFAULT NULL,
  `OldAge` int DEFAULT NULL,
  `NewAge` int DEFAULT NULL,
  `OldGender` varchar(10) DEFAULT NULL,
  `NewGender` varchar(10) DEFAULT NULL,
  `OldBloodType` varchar(10) DEFAULT NULL,
  `NewBloodType` varchar(10) DEFAULT NULL,
  `ActionTime` timestamp NULL DEFAULT CURRENT_TIMESTAMP,
  PRIMARY KEY (`AuditID`)
) ENGINE=InnoDB AUTO_INCREMENT=405 DEFAULT CHARSET=utf8mb4 COLLATE=utf8mb4_0900_ai_ci;
/*!40101 SET character_set_client = @saved_cs_client */;

--
-- Dumping data for table `patientaudit`
--

/*!40000 ALTER TABLE `patientaudit` DISABLE KEYS */;
INSERT INTO `patientaudit` VALUES (1,1,'INSERT',NULL,'Bobby Jackson',NULL,30,NULL,'Male',NULL,'B-','2025-12-08 12:41:27'),(2,2,'INSERT',NULL,'Leslie Terry',NULL,62,NULL,'Male',NULL,'A+','2025-12-08 12:41:27'),(3,3,'INSERT',NULL,'Danny Smith',NULL,76,NULL,'Female',NULL,'A-','2025-12-08 12:41:27'),(4,4,'INSERT',NULL,'Andrew Watts',NULL,28,NULL,'Female',NULL,'O+','2025-12-08 12:41:27'),(5,5,'INSERT',NULL,'Adrienne Bell',NULL,43,NULL,'Female',NULL,'AB+','2025-12-08 12:41:27'),(6,6,'INSERT',NULL,'Emily Johnson',NULL,36,NULL,'Male',NULL,'A+','2025-12-08 12:41:27'),(7,7,'INSERT',NULL,'Edward Edwards',NULL,21,NULL,'Female',NULL,'AB-','2025-12-08 12:41:27'),(8,8,'INSERT',NULL,'Christina Martinez',NULL,20,NULL,'Female',NULL,'A+','2025-12-08 12:41:27'),(9,9,'INSERT',NULL,'Jasmine Aguilar',NULL,82,NULL,'Male',NULL,'AB+','2025-12-08 12:41:27'),(10,10,'INSERT',NULL,'Christopher Berg',NULL,58,NULL,'Female',NULL,'AB-','2025-12-08 12:41:27'),(11,11,'INSERT',NULL,'Michelle Daniels',NULL,72,NULL,'Male',NULL,'O+','2025-12-08 12:41:27'),(12,12,'INSERT',NULL,'Aaron Martinez',NULL,38,NULL,'Female',NULL,'A-','2025-12-08 12:41:27'),(13,13,'INSERT',NULL,'Connor Hansen',NULL,75,NULL,'Female',NULL,'A+','2025-12-08 12:41:27'),(14,14,'INSERT',NULL,'Robert Bauer',NULL,68,NULL,'Female',NULL,'AB+','2025-12-08 12:41:27'),(15,15,'INSERT',NULL,'Brooke Brady',NULL,44,NULL,'Female',NULL,'AB+','2025-12-08 12:41:27'),(16,16,'INSERT',NULL,'Ms. Natalie Gamble',NULL,46,NULL,'Female',NULL,'AB-','2025-12-08 12:41:27'),(17,17,'INSERT',NULL,'Haley Perkins',NULL,63,NULL,'Female',NULL,'A+','2025-12-08 12:41:27'),(18,18,'INSERT',NULL,'Mrs. Jamie Campbell',NULL,38,NULL,'Male',NULL,'AB-','2025-12-08 12:41:27'),(19,19,'INSERT',NULL,'Luke Burgess',NULL,34,NULL,'Female',NULL,'A-','2025-12-08 12:41:27'),(20,20,'INSERT',NULL,'Daniel Schmidt',NULL,63,NULL,'Male',NULL,'B+','2025-12-08 12:41:27'),(21,21,'INSERT',NULL,'Timothy Burns',NULL,67,NULL,'Female',NULL,'A-','2025-12-08 12:41:27'),(22,22,'INSERT',NULL,'Christopher Bright',NULL,48,NULL,'Male',NULL,'B+','2025-12-08 12:41:27'),(23,23,'INSERT',NULL,'Kathryn Stewart',NULL,58,NULL,'Female',NULL,'O+','2025-12-08 12:41:27'),(24,24,'INSERT',NULL,'Dr. Eileen Thompson',NULL,59,NULL,'Male',NULL,'A+','2025-12-08 12:41:27'),(25,25,'INSERT',NULL,'Paul Henderson',NULL,72,NULL,'Female',NULL,'AB+','2025-12-08 12:41:27'),(26,26,'INSERT',NULL,'Peter Fitzgerald',NULL,73,NULL,'Male',NULL,'AB+','2025-12-08 12:41:27'),(27,27,'INSERT',NULL,'Cathy Small',NULL,51,NULL,'Female',NULL,'O-','2025-12-08 12:41:27'),(28,28,'INSERT',NULL,'Mr. Kenneth Moore',NULL,34,NULL,'Female',NULL,'A+','2025-12-08 12:41:27'),(29,29,'INSERT',NULL,'Mary Hunter',NULL,38,NULL,'Female',NULL,'O-','2025-12-08 12:41:27'),(30,30,'INSERT',NULL,'Joshua Oliver',NULL,63,NULL,'Female',NULL,'B+','2025-12-08 12:41:27'),(31,31,'INSERT',NULL,'Thomas Martinez',NULL,34,NULL,'Male',NULL,'B-','2025-12-08 12:41:27'),(32,32,'INSERT',NULL,'James Patterson',NULL,23,NULL,'Female',NULL,'A+','2025-12-08 12:41:27'),(33,33,'INSERT',NULL,'William Cooper',NULL,78,NULL,'Male',NULL,'AB-','2025-12-08 12:41:27'),(34,34,'INSERT',NULL,'Erin Ortega',NULL,43,NULL,'Male',NULL,'AB-','2025-12-08 12:41:27'),(35,35,'INSERT',NULL,'Nicole Rodriguez',NULL,30,NULL,'Female',NULL,'AB+','2025-12-08 12:41:27'),(36,36,'INSERT',NULL,'David Anderson',NULL,25,NULL,'Female',NULL,'AB+','2025-12-08 12:41:27'),(37,37,'INSERT',NULL,'Denise Torres',NULL,33,NULL,'Male',NULL,'AB+','2025-12-08 12:41:27'),(38,38,'INSERT',NULL,'Cassandra Robinson',NULL,26,NULL,'Female',NULL,'B-','2025-12-08 12:41:27'),(39,39,'INSERT',NULL,'Nicole Lucero',NULL,70,NULL,'Female',NULL,'O-','2025-12-08 12:41:27'),(40,40,'INSERT',NULL,'Pamela Fernandez',NULL,57,NULL,'Female',NULL,'B-','2025-12-08 12:41:27'),(41,41,'INSERT',NULL,'Christopher Lee',NULL,74,NULL,'Female',NULL,'B-','2025-12-08 12:41:27'),(42,42,'INSERT',NULL,'Thomas Morse',NULL,81,NULL,'Male',NULL,'A+','2025-12-08 12:41:27'),(43,43,'INSERT',NULL,'Mr. Eric Lane',NULL,49,NULL,'Female',NULL,'A-','2025-12-08 12:41:27'),(44,44,'INSERT',NULL,'Katherine Smith',NULL,26,NULL,'Female',NULL,'AB+','2025-12-08 12:41:27'),(45,45,'INSERT',NULL,'Paul Williams',NULL,81,NULL,'Female',NULL,'AB-','2025-12-08 12:41:27'),(46,46,'INSERT',NULL,'Lynn Martinez',NULL,65,NULL,'Male',NULL,'O+','2025-12-08 12:41:27'),(47,47,'INSERT',NULL,'Christopher Chapman',NULL,31,NULL,'Female',NULL,'O+','2025-12-08 12:41:27'),(48,48,'INSERT',NULL,'Chris Frye',NULL,58,NULL,'Male',NULL,'A-','2025-12-08 12:41:27'),(49,49,'INSERT',NULL,'Kyle Bennett',NULL,22,NULL,'Male',NULL,'O+','2025-12-08 12:41:27'),(50,50,'INSERT',NULL,'Brandon Collins',NULL,77,NULL,'Female',NULL,'O+','2025-12-08 12:41:27'),(51,51,'INSERT',NULL,'Michael Liu',NULL,30,NULL,'Male',NULL,'AB-','2025-12-08 12:41:27'),(52,52,'INSERT',NULL,'Stephanie Kent',NULL,42,NULL,'Female',NULL,'A-','2025-12-08 12:41:27'),(53,53,'INSERT',NULL,'Jesse Banks',NULL,67,NULL,'Female',NULL,'AB+','2025-12-08 12:41:27'),(54,54,'INSERT',NULL,'Peggy Lee',NULL,24,NULL,'Female',NULL,'A-','2025-12-08 12:41:27'),(55,55,'INSERT',NULL,'Tamara Hernandez',NULL,84,NULL,'Female',NULL,'B-','2025-12-08 12:41:27'),(56,56,'INSERT',NULL,'Mr. David Pierce Md',NULL,73,NULL,'Female',NULL,'A-','2025-12-08 12:41:27'),(57,57,'INSERT',NULL,'Bethany Moore',NULL,55,NULL,'Female',NULL,'A+','2025-12-08 12:41:27'),(58,58,'INSERT',NULL,'Michael Mills',NULL,23,NULL,'Male',NULL,'O-','2025-12-08 12:41:27'),(59,59,'INSERT',NULL,'Kyle Wiley',NULL,40,NULL,'Female',NULL,'AB-','2025-12-08 12:41:27'),(60,60,'INSERT',NULL,'Jacqueline Jordan',NULL,51,NULL,'Male',NULL,'O+','2025-12-08 12:41:27'),(61,61,'INSERT',NULL,'Ashley Gutierrez',NULL,83,NULL,'Male',NULL,'AB+','2025-12-08 12:41:27'),(62,62,'INSERT',NULL,'Kim Scott',NULL,63,NULL,'Male',NULL,'A-','2025-12-08 12:41:27'),(63,63,'INSERT',NULL,'Travis Carter',NULL,18,NULL,'Male',NULL,'A+','2025-12-08 12:41:27'),(64,64,'INSERT',NULL,'Larry Rodgers',NULL,23,NULL,'Female',NULL,'B-','2025-12-08 12:41:27'),(65,65,'INSERT',NULL,'Nancy Glover',NULL,58,NULL,'Male',NULL,'A-','2025-12-08 12:41:27'),(66,66,'INSERT',NULL,'Jessica King',NULL,27,NULL,'Male',NULL,'AB-','2025-12-08 12:41:27'),(67,67,'INSERT',NULL,'Christopher Gonzalez',NULL,59,NULL,'Male',NULL,'B+','2025-12-08 12:41:27'),(68,68,'INSERT',NULL,'John Hartman',NULL,27,NULL,'Male',NULL,'B-','2025-12-08 12:41:27'),(69,69,'INSERT',NULL,'Michael Miller',NULL,31,NULL,'Male',NULL,'B+','2025-12-08 12:41:27'),(70,70,'INSERT',NULL,'Erica Myers',NULL,19,NULL,'Female',NULL,'A+','2025-12-08 12:41:27'),(71,71,'INSERT',NULL,'Carol Patterson',NULL,29,NULL,'Female',NULL,'O+','2025-12-08 12:41:27'),(72,72,'INSERT',NULL,'Jose Lopez',NULL,18,NULL,'Male',NULL,'A-','2025-12-08 12:41:27'),(73,73,'INSERT',NULL,'Kevin Simmons Jr.',NULL,24,NULL,'Male',NULL,'AB-','2025-12-08 12:41:27'),(74,74,'INSERT',NULL,'Duane Haney',NULL,27,NULL,'Male',NULL,'AB-','2025-12-08 12:41:27'),(75,75,'INSERT',NULL,'Jonathan Yates',NULL,57,NULL,'Female',NULL,'AB-','2025-12-08 12:41:27'),(76,76,'INSERT',NULL,'John Thomas',NULL,74,NULL,'Female',NULL,'A+','2025-12-08 12:41:27'),(77,77,'INSERT',NULL,'Adrian Buckley',NULL,22,NULL,'Female',NULL,'A-','2025-12-08 12:41:27'),(78,78,'INSERT',NULL,'April Santiago',NULL,33,NULL,'Female',NULL,'B-','2025-12-08 12:41:27'),(79,79,'INSERT',NULL,'Diane Schultz',NULL,57,NULL,'Male',NULL,'B+','2025-12-08 12:41:27'),(80,80,'INSERT',NULL,'Timothy Myers',NULL,61,NULL,'Male',NULL,'B+','2025-12-08 12:41:27'),(81,81,'INSERT',NULL,'Nicole Hughes',NULL,20,NULL,'Male',NULL,'O+','2025-12-08 12:41:27'),(82,82,'INSERT',NULL,'Chad Moreno',NULL,67,NULL,'Male',NULL,'AB+','2025-12-08 12:41:27'),(83,83,'INSERT',NULL,'Sean Jennings',NULL,80,NULL,'Female',NULL,'AB-','2025-12-08 12:41:27'),(84,84,'INSERT',NULL,'Diane Branch',NULL,44,NULL,'Male',NULL,'O+','2025-12-08 12:41:27'),(85,85,'INSERT',NULL,'Cindy Orozco',NULL,26,NULL,'Female',NULL,'B-','2025-12-08 12:41:27'),(86,86,'INSERT',NULL,'Patricia Medina',NULL,80,NULL,'Male',NULL,'AB+','2025-12-08 12:41:27'),(87,87,'INSERT',NULL,'Kayla Padilla',NULL,63,NULL,'Male',NULL,'B-','2025-12-08 12:41:27'),(88,88,'INSERT',NULL,'Juan Klein',NULL,58,NULL,'Female',NULL,'B-','2025-12-08 12:41:27'),(89,89,'INSERT',NULL,'William Hill',NULL,38,NULL,'Female',NULL,'A+','2025-12-08 12:41:27'),(90,90,'INSERT',NULL,'Carl Best',NULL,60,NULL,'Male',NULL,'B+','2025-12-08 12:41:27'),(91,91,'INSERT',NULL,'Tina Griffin',NULL,49,NULL,'Male',NULL,'B+','2025-12-08 12:41:27'),(92,92,'INSERT',NULL,'Mr. Tyler Taylor Phd',NULL,80,NULL,'Male',NULL,'A+','2025-12-08 12:41:27'),(93,93,'INSERT',NULL,'Taylor Howell Dds',NULL,35,NULL,'Female',NULL,'B+','2025-12-08 12:41:27'),(94,94,'INSERT',NULL,'Michael Martin',NULL,84,NULL,'Male',NULL,'A+','2025-12-08 12:41:27'),(95,95,'INSERT',NULL,'Heather Miller',NULL,76,NULL,'Male',NULL,'A+','2025-12-08 12:41:27'),(96,96,'INSERT',NULL,'Catherine Gardner',NULL,79,NULL,'Female',NULL,'A-','2025-12-08 12:41:27'),(97,97,'INSERT',NULL,'Anne Thompson',NULL,76,NULL,'Female',NULL,'O+','2025-12-08 12:41:27'),(98,98,'INSERT',NULL,'Todd Cooper',NULL,55,NULL,'Female',NULL,'A+','2025-12-08 12:41:27'),(99,99,'INSERT',NULL,'Phillip Lyons',NULL,53,NULL,'Male',NULL,'B-','2025-12-08 12:41:27'),(100,100,'INSERT',NULL,'Mark Ford',NULL,18,NULL,'Male',NULL,'B+','2025-12-08 12:41:27'),(101,101,'INSERT',NULL,'Marcus Zamora',NULL,69,NULL,'Male',NULL,'O+','2025-12-08 12:41:27'),(102,102,'INSERT',NULL,'Katie Henry',NULL,70,NULL,'Male',NULL,'B+','2025-12-08 12:41:27'),(103,103,'INSERT',NULL,'William Morton',NULL,21,NULL,'Male',NULL,'A+','2025-12-08 12:41:27'),(104,104,'INSERT',NULL,'Katrina Martin',NULL,47,NULL,'Male',NULL,'A-','2025-12-08 12:41:27'),(105,105,'INSERT',NULL,'Hunter Mckay',NULL,85,NULL,'Male',NULL,'A-','2025-12-08 12:41:27'),(106,106,'INSERT',NULL,'Dwayne Davis',NULL,28,NULL,'Male',NULL,'O+','2025-12-08 12:41:27'),(107,107,'INSERT',NULL,'Sarah Caldwell',NULL,62,NULL,'Male',NULL,'A-','2025-12-08 12:41:27'),(108,108,'INSERT',NULL,'David Higgins',NULL,49,NULL,'Female',NULL,'B-','2025-12-08 12:41:27'),(109,109,'INSERT',NULL,'Bradley Combs',NULL,52,NULL,'Male',NULL,'AB-','2025-12-08 12:41:27'),(110,110,'INSERT',NULL,'Christina Schmitt',NULL,53,NULL,'Male',NULL,'B+','2025-12-08 12:41:27'),(111,111,'INSERT',NULL,'Colton Strong',NULL,55,NULL,'Male',NULL,'AB-','2025-12-08 12:41:27'),(112,112,'INSERT',NULL,'Mark Price',NULL,18,NULL,'Male',NULL,'B-','2025-12-08 12:41:27'),(113,113,'INSERT',NULL,'Suzanne Schneider',NULL,52,NULL,'Male',NULL,'AB-','2025-12-08 12:41:27'),(114,114,'INSERT',NULL,'Michael Hurley',NULL,67,NULL,'Male',NULL,'AB-','2025-12-08 12:41:27'),(115,115,'INSERT',NULL,'Lindsey Lambert',NULL,82,NULL,'Female',NULL,'A+','2025-12-08 12:41:27'),(116,116,'INSERT',NULL,'Rebecca Parsons',NULL,37,NULL,'Female',NULL,'O+','2025-12-08 12:41:27'),(117,117,'INSERT',NULL,'Judy Johnson',NULL,52,NULL,'Female',NULL,'AB-','2025-12-08 12:41:27'),(118,118,'INSERT',NULL,'Tonya Campbell',NULL,37,NULL,'Female',NULL,'B+','2025-12-08 12:41:27'),(119,119,'INSERT',NULL,'James Ross',NULL,83,NULL,'Female',NULL,'A+','2025-12-08 12:41:27'),(120,120,'INSERT',NULL,'Sara Cook',NULL,33,NULL,'Male',NULL,'O-','2025-12-08 12:41:27'),(121,121,'INSERT',NULL,'Anne Howell',NULL,22,NULL,'Female',NULL,'A-','2025-12-08 12:41:27'),(122,122,'INSERT',NULL,'Renee Bailey',NULL,19,NULL,'Female',NULL,'B+','2025-12-08 12:41:27'),(123,123,'INSERT',NULL,'Jeffrey Turner',NULL,85,NULL,'Female',NULL,'O+','2025-12-08 12:41:27'),(124,124,'INSERT',NULL,'Dr. Lauren Clark Dds',NULL,19,NULL,'Male',NULL,'B+','2025-12-08 12:41:27'),(125,125,'INSERT',NULL,'Terry Thomas',NULL,50,NULL,'Female',NULL,'B-','2025-12-08 12:41:27'),(126,126,'INSERT',NULL,'Jason Baker',NULL,50,NULL,'Female',NULL,'O-','2025-12-08 12:41:27'),(127,127,'INSERT',NULL,'Jessica Gutierrez',NULL,40,NULL,'Male',NULL,'O+','2025-12-08 12:41:27'),(128,128,'INSERT',NULL,'Courtney Hodges',NULL,57,NULL,'Male',NULL,'AB-','2025-12-08 12:41:27'),(129,129,'INSERT',NULL,'Anthony Reyes',NULL,82,NULL,'Male',NULL,'AB+','2025-12-08 12:41:27'),(130,130,'INSERT',NULL,'Leah Cross Dds',NULL,20,NULL,'Male',NULL,'AB+','2025-12-08 12:41:27'),(131,131,'INSERT',NULL,'Paul Martinez',NULL,20,NULL,'Male',NULL,'B+','2025-12-08 12:41:27'),(132,132,'INSERT',NULL,'Denise Rodriguez',NULL,19,NULL,'Female',NULL,'A-','2025-12-08 12:41:27'),(133,133,'INSERT',NULL,'Ashley Erickson',NULL,32,NULL,'Female',NULL,'AB-','2025-12-08 12:41:27'),(134,134,'INSERT',NULL,'Sean Cardenas',NULL,55,NULL,'Male',NULL,'B-','2025-12-08 12:41:27'),(135,135,'INSERT',NULL,'Alan Alvarez',NULL,81,NULL,'Male',NULL,'B+','2025-12-08 12:41:27'),(136,136,'INSERT',NULL,'Jessica Phillips',NULL,26,NULL,'Male',NULL,'O-','2025-12-08 12:41:27'),(137,137,'INSERT',NULL,'Timothy Coleman',NULL,54,NULL,'Female',NULL,'AB+','2025-12-08 12:41:27'),(138,138,'INSERT',NULL,'Christina Woods',NULL,57,NULL,'Male',NULL,'B-','2025-12-08 12:41:27'),(139,139,'INSERT',NULL,'Melissa Scott',NULL,38,NULL,'Female',NULL,'AB+','2025-12-08 12:41:27'),(140,140,'INSERT',NULL,'Gary Hopkins',NULL,54,NULL,'Male',NULL,'O+','2025-12-08 12:41:27'),(141,141,'INSERT',NULL,'April Valencia',NULL,42,NULL,'Male',NULL,'A+','2025-12-08 12:41:27'),(142,142,'INSERT',NULL,'Rita Archer',NULL,20,NULL,'Male',NULL,'O-','2025-12-08 12:41:27'),(143,143,'INSERT',NULL,'Kim Pena',NULL,44,NULL,'Female',NULL,'O-','2025-12-08 12:41:27'),(144,144,'INSERT',NULL,'Jason Foley',NULL,54,NULL,'Male',NULL,'B+','2025-12-08 12:41:27'),(145,145,'INSERT',NULL,'Shaun Guzman',NULL,21,NULL,'Female',NULL,'AB-','2025-12-08 12:41:27'),(146,146,'INSERT',NULL,'Matthew White',NULL,45,NULL,'Female',NULL,'AB+','2025-12-08 12:41:27'),(147,147,'INSERT',NULL,'Alexis Wilson',NULL,68,NULL,'Female',NULL,'B+','2025-12-08 12:41:27'),(148,148,'INSERT',NULL,'Jacqueline Marshall',NULL,27,NULL,'Male',NULL,'A+','2025-12-08 12:41:27'),(149,149,'INSERT',NULL,'Robert Higgins',NULL,42,NULL,'Male',NULL,'AB-','2025-12-08 12:41:27'),(150,150,'INSERT',NULL,'Sierra Morton',NULL,27,NULL,'Female',NULL,'B-','2025-12-08 12:41:27'),(151,151,'INSERT',NULL,'Natalie Stanton',NULL,80,NULL,'Male',NULL,'B+','2025-12-08 12:41:27'),(152,152,'INSERT',NULL,'Jessica Acevedo',NULL,21,NULL,'Male',NULL,'O+','2025-12-08 12:41:27'),(153,153,'INSERT',NULL,'Jennifer Mcmillan',NULL,84,NULL,'Female',NULL,'A-','2025-12-08 12:41:27'),(154,154,'INSERT',NULL,'Christopher Mcclain',NULL,67,NULL,'Female',NULL,'O-','2025-12-08 12:41:27'),(155,155,'INSERT',NULL,'Kevin Hicks',NULL,66,NULL,'Male',NULL,'AB+','2025-12-08 12:41:27'),(156,156,'INSERT',NULL,'Melinda Richards',NULL,37,NULL,'Female',NULL,'A-','2025-12-08 12:41:27'),(157,157,'INSERT',NULL,'Robyn Miranda',NULL,30,NULL,'Female',NULL,'A-','2025-12-08 12:41:27'),(158,158,'INSERT',NULL,'Scott Castillo',NULL,78,NULL,'Male',NULL,'O+','2025-12-08 12:41:27'),(159,159,'INSERT',NULL,'John Garcia',NULL,39,NULL,'Female',NULL,'A+','2025-12-08 12:41:27'),(160,160,'INSERT',NULL,'Michael Taylor',NULL,29,NULL,'Male',NULL,'O-','2025-12-08 12:41:27'),(161,161,'INSERT',NULL,'Jeffrey Wood',NULL,81,NULL,'Female',NULL,'AB-','2025-12-08 12:41:27'),(162,162,'INSERT',NULL,'Michael Smith',NULL,66,NULL,'Female',NULL,'AB-','2025-12-08 12:41:27'),(163,163,'INSERT',NULL,'William Griffith',NULL,65,NULL,'Male',NULL,'B-','2025-12-08 12:41:27'),(164,164,'INSERT',NULL,'Christina Lawrence',NULL,80,NULL,'Male',NULL,'AB-','2025-12-08 12:41:27'),(165,165,'INSERT',NULL,'Jessica Holmes',NULL,72,NULL,'Female',NULL,'O-','2025-12-08 12:41:27'),(166,166,'INSERT',NULL,'Tracey Greene',NULL,85,NULL,'Male',NULL,'O-','2025-12-08 12:41:27'),(167,167,'INSERT',NULL,'Amanda Lopez',NULL,68,NULL,'Female',NULL,'O+','2025-12-08 12:41:27'),(168,168,'INSERT',NULL,'Laura Peters',NULL,56,NULL,'Female',NULL,'A-','2025-12-08 12:41:27'),(169,169,'INSERT',NULL,'Lauren Anderson',NULL,53,NULL,'Female',NULL,'O-','2025-12-08 12:41:27'),(170,170,'INSERT',NULL,'William Campos',NULL,37,NULL,'Female',NULL,'B+','2025-12-08 12:41:27'),(171,171,'INSERT',NULL,'Jessica Gonzales',NULL,57,NULL,'Female',NULL,'O+','2025-12-08 12:41:27'),(172,172,'INSERT',NULL,'Bruce Gonzales',NULL,36,NULL,'Male',NULL,'O+','2025-12-08 12:41:27'),(173,173,'INSERT',NULL,'Robert Walsh',NULL,20,NULL,'Female',NULL,'B+','2025-12-08 12:41:27'),(174,174,'INSERT',NULL,'Lisa Lewis',NULL,83,NULL,'Male',NULL,'O-','2025-12-08 12:41:27'),(175,175,'INSERT',NULL,'William Ruiz',NULL,79,NULL,'Male',NULL,'B+','2025-12-08 12:41:27'),(176,176,'INSERT',NULL,'Steven Baldwin',NULL,62,NULL,'Male',NULL,'O+','2025-12-08 12:41:27'),(177,177,'INSERT',NULL,'Megan Colon',NULL,38,NULL,'Male',NULL,'AB+','2025-12-08 12:41:27'),(178,178,'INSERT',NULL,'Kimberly Brooks',NULL,75,NULL,'Female',NULL,'B-','2025-12-08 12:41:27'),(179,179,'INSERT',NULL,'Edward Smith Jr.',NULL,28,NULL,'Male',NULL,'A+','2025-12-08 12:41:27'),(180,180,'INSERT',NULL,'Allison Cordova',NULL,36,NULL,'Male',NULL,'O-','2025-12-08 12:41:27'),(181,181,'INSERT',NULL,'Linda Thomas',NULL,54,NULL,'Male',NULL,'AB+','2025-12-08 12:41:27'),(182,182,'INSERT',NULL,'Parker Moore',NULL,81,NULL,'Female',NULL,'B-','2025-12-08 12:41:27'),(183,183,'INSERT',NULL,'Tanya Soto',NULL,56,NULL,'Female',NULL,'AB+','2025-12-08 12:41:27'),(184,184,'INSERT',NULL,'Michael Jordan',NULL,30,NULL,'Male',NULL,'AB-','2025-12-08 12:41:27'),(185,185,'INSERT',NULL,'Christina Martin',NULL,64,NULL,'Female',NULL,'A-','2025-12-08 12:41:27'),(186,186,'INSERT',NULL,'Tracy Burke',NULL,76,NULL,'Male',NULL,'A+','2025-12-08 12:41:27'),(187,187,'INSERT',NULL,'David Spence',NULL,21,NULL,'Female',NULL,'AB+','2025-12-08 12:41:27'),(188,188,'INSERT',NULL,'Joseph Foster',NULL,59,NULL,'Female',NULL,'O+','2025-12-08 12:41:27'),(189,189,'INSERT',NULL,'Nicholas Hall',NULL,31,NULL,'Female',NULL,'A-','2025-12-08 12:41:27'),(190,190,'INSERT',NULL,'Christina Macias',NULL,36,NULL,'Female',NULL,'O+','2025-12-08 12:41:27'),(191,191,'INSERT',NULL,'Scott Jones',NULL,42,NULL,'Female',NULL,'B+','2025-12-08 12:41:27'),(192,192,'INSERT',NULL,'James Anderson',NULL,18,NULL,'Female',NULL,'AB+','2025-12-08 12:41:27'),(193,193,'INSERT',NULL,'Shaun Long',NULL,62,NULL,'Female',NULL,'A+','2025-12-08 12:41:27'),(194,194,'INSERT',NULL,'Kristina Mora',NULL,53,NULL,'Male',NULL,'AB+','2025-12-08 12:41:27'),(195,195,'INSERT',NULL,'Joshua Richmond',NULL,82,NULL,'Female',NULL,'A+','2025-12-08 12:41:27'),(196,196,'INSERT',NULL,'Mark Lawrence',NULL,19,NULL,'Female',NULL,'O-','2025-12-08 12:41:27'),(197,197,'INSERT',NULL,'John Ellis',NULL,83,NULL,'Female',NULL,'A-','2025-12-08 12:41:27'),(198,198,'INSERT',NULL,'Mrs. Tiffany Dennis',NULL,26,NULL,'Male',NULL,'O-','2025-12-08 12:41:27'),(199,199,'INSERT',NULL,'Cynthia Huang',NULL,51,NULL,'Male',NULL,'O+','2025-12-08 12:41:27'),(200,200,'INSERT',NULL,'Melissa Lawrence',NULL,20,NULL,'Male',NULL,'O+','2025-12-08 12:41:27'),(201,201,'INSERT',NULL,'Steven Goodwin',NULL,61,NULL,'Female',NULL,'A-','2025-12-08 12:41:27'),(202,1,'INSERT',NULL,'Bobby Jackson',NULL,30,NULL,'Male',NULL,'B-','2025-12-08 12:51:46'),(203,2,'INSERT',NULL,'Leslie Terry',NULL,62,NULL,'Male',NULL,'A+','2025-12-08 12:51:46'),(204,3,'INSERT',NULL,'Danny Smith',NULL,76,NULL,'Female',NULL,'A-','2025-12-08 12:51:46'),(205,4,'INSERT',NULL,'Andrew Watts',NULL,28,NULL,'Female',NULL,'O+','2025-12-08 12:51:46'),(206,5,'INSERT',NULL,'Adrienne Bell',NULL,43,NULL,'Female',NULL,'AB+','2025-12-08 12:51:46'),(207,6,'INSERT',NULL,'Emily Johnson',NULL,36,NULL,'Male',NULL,'A+','2025-12-08 12:51:46'),(208,7,'INSERT',NULL,'Edward Edwards',NULL,21,NULL,'Female',NULL,'AB-','2025-12-08 12:51:46'),(209,8,'INSERT',NULL,'Christina Martinez',NULL,20,NULL,'Female',NULL,'A+','2025-12-08 12:51:46'),(210,9,'INSERT',NULL,'Jasmine Aguilar',NULL,82,NULL,'Male',NULL,'AB+','2025-12-08 12:51:46'),(211,10,'INSERT',NULL,'Christopher Berg',NULL,58,NULL,'Female',NULL,'AB-','2025-12-08 12:51:46'),(212,11,'INSERT',NULL,'Michelle Daniels',NULL,72,NULL,'Male',NULL,'O+','2025-12-08 12:51:46'),(213,12,'INSERT',NULL,'Aaron Martinez',NULL,38,NULL,'Female',NULL,'A-','2025-12-08 12:51:46'),(214,13,'INSERT',NULL,'Connor Hansen',NULL,75,NULL,'Female',NULL,'A+','2025-12-08 12:51:46'),(215,14,'INSERT',NULL,'Robert Bauer',NULL,68,NULL,'Female',NULL,'AB+','2025-12-08 12:51:46'),(216,15,'INSERT',NULL,'Brooke Brady',NULL,44,NULL,'Female',NULL,'AB+','2025-12-08 12:51:46'),(217,16,'INSERT',NULL,'Ms. Natalie Gamble',NULL,46,NULL,'Female',NULL,'AB-','2025-12-08 12:51:46'),(218,17,'INSERT',NULL,'Haley Perkins',NULL,63,NULL,'Female',NULL,'A+','2025-12-08 12:51:46'),(219,18,'INSERT',NULL,'Mrs. Jamie Campbell',NULL,38,NULL,'Male',NULL,'AB-','2025-12-08 12:51:46'),(220,19,'INSERT',NULL,'Luke Burgess',NULL,34,NULL,'Female',NULL,'A-','2025-12-08 12:51:46'),(221,20,'INSERT',NULL,'Daniel Schmidt',NULL,63,NULL,'Male',NULL,'B+','2025-12-08 12:51:46'),(222,21,'INSERT',NULL,'Timothy Burns',NULL,67,NULL,'Female',NULL,'A-','2025-12-08 12:51:46'),(223,22,'INSERT',NULL,'Christopher Bright',NULL,48,NULL,'Male',NULL,'B+','2025-12-08 12:51:46'),(224,23,'INSERT',NULL,'Kathryn Stewart',NULL,58,NULL,'Female',NULL,'O+','2025-12-08 12:51:46'),(225,24,'INSERT',NULL,'Dr. Eileen Thompson',NULL,59,NULL,'Male',NULL,'A+','2025-12-08 12:51:46'),(226,25,'INSERT',NULL,'Paul Henderson',NULL,72,NULL,'Female',NULL,'AB+','2025-12-08 12:51:46'),(227,26,'INSERT',NULL,'Peter Fitzgerald',NULL,73,NULL,'Male',NULL,'AB+','2025-12-08 12:51:46'),(228,27,'INSERT',NULL,'Cathy Small',NULL,51,NULL,'Female',NULL,'O-','2025-12-08 12:51:46'),(229,28,'INSERT',NULL,'Mr. Kenneth Moore',NULL,34,NULL,'Female',NULL,'A+','2025-12-08 12:51:46'),(230,29,'INSERT',NULL,'Mary Hunter',NULL,38,NULL,'Female',NULL,'O-','2025-12-08 12:51:46'),(231,30,'INSERT',NULL,'Joshua Oliver',NULL,63,NULL,'Female',NULL,'B+','2025-12-08 12:51:46'),(232,31,'INSERT',NULL,'Thomas Martinez',NULL,34,NULL,'Male',NULL,'B-','2025-12-08 12:51:46'),(233,32,'INSERT',NULL,'James Patterson',NULL,23,NULL,'Female',NULL,'A+','2025-12-08 12:51:46'),(234,33,'INSERT',NULL,'William Cooper',NULL,78,NULL,'Male',NULL,'AB-','2025-12-08 12:51:46'),(235,34,'INSERT',NULL,'Erin Ortega',NULL,43,NULL,'Male',NULL,'AB-','2025-12-08 12:51:46'),(236,35,'INSERT',NULL,'Nicole Rodriguez',NULL,30,NULL,'Female',NULL,'AB+','2025-12-08 12:51:46'),(237,36,'INSERT',NULL,'David Anderson',NULL,25,NULL,'Female',NULL,'AB+','2025-12-08 12:51:46'),(238,37,'INSERT',NULL,'Denise Torres',NULL,33,NULL,'Male',NULL,'AB+','2025-12-08 12:51:46'),(239,38,'INSERT',NULL,'Cassandra Robinson',NULL,26,NULL,'Female',NULL,'B-','2025-12-08 12:51:46'),(240,39,'INSERT',NULL,'Nicole Lucero',NULL,70,NULL,'Female',NULL,'O-','2025-12-08 12:51:46'),(241,40,'INSERT',NULL,'Pamela Fernandez',NULL,57,NULL,'Female',NULL,'B-','2025-12-08 12:51:46'),(242,41,'INSERT',NULL,'Christopher Lee',NULL,74,NULL,'Female',NULL,'B-','2025-12-08 12:51:46'),(243,42,'INSERT',NULL,'Thomas Morse',NULL,81,NULL,'Male',NULL,'A+','2025-12-08 12:51:46'),(244,43,'INSERT',NULL,'Mr. Eric Lane',NULL,49,NULL,'Female',NULL,'A-','2025-12-08 12:51:46'),(245,44,'INSERT',NULL,'Katherine Smith',NULL,26,NULL,'Female',NULL,'AB+','2025-12-08 12:51:46'),(246,45,'INSERT',NULL,'Paul Williams',NULL,81,NULL,'Female',NULL,'AB-','2025-12-08 12:51:46'),(247,46,'INSERT',NULL,'Lynn Martinez',NULL,65,NULL,'Male',NULL,'O+','2025-12-08 12:51:46'),(248,47,'INSERT',NULL,'Christopher Chapman',NULL,31,NULL,'Female',NULL,'O+','2025-12-08 12:51:46'),(249,48,'INSERT',NULL,'Chris Frye',NULL,58,NULL,'Male',NULL,'A-','2025-12-08 12:51:46'),(250,49,'INSERT',NULL,'Kyle Bennett',NULL,22,NULL,'Male',NULL,'O+','2025-12-08 12:51:46'),(251,50,'INSERT',NULL,'Brandon Collins',NULL,77,NULL,'Female',NULL,'O+','2025-12-08 12:51:46'),(252,51,'INSERT',NULL,'Michael Liu',NULL,30,NULL,'Male',NULL,'AB-','2025-12-08 12:51:46'),(253,52,'INSERT',NULL,'Stephanie Kent',NULL,42,NULL,'Female',NULL,'A-','2025-12-08 12:51:46'),(254,53,'INSERT',NULL,'Jesse Banks',NULL,67,NULL,'Female',NULL,'AB+','2025-12-08 12:51:46'),(255,54,'INSERT',NULL,'Peggy Lee',NULL,24,NULL,'Female',NULL,'A-','2025-12-08 12:51:46'),(256,55,'INSERT',NULL,'Tamara Hernandez',NULL,84,NULL,'Female',NULL,'B-','2025-12-08 12:51:46'),(257,56,'INSERT',NULL,'Mr. David Pierce Md',NULL,73,NULL,'Female',NULL,'A-','2025-12-08 12:51:46'),(258,57,'INSERT',NULL,'Bethany Moore',NULL,55,NULL,'Female',NULL,'A+','2025-12-08 12:51:46'),(259,58,'INSERT',NULL,'Michael Mills',NULL,23,NULL,'Male',NULL,'O-','2025-12-08 12:51:46'),(260,59,'INSERT',NULL,'Kyle Wiley',NULL,40,NULL,'Female',NULL,'AB-','2025-12-08 12:51:46'),(261,60,'INSERT',NULL,'Jacqueline Jordan',NULL,51,NULL,'Male',NULL,'O+','2025-12-08 12:51:46'),(262,61,'INSERT',NULL,'Ashley Gutierrez',NULL,83,NULL,'Male',NULL,'AB+','2025-12-08 12:51:46'),(263,62,'INSERT',NULL,'Kim Scott',NULL,63,NULL,'Male',NULL,'A-','2025-12-08 12:51:46'),(264,63,'INSERT',NULL,'Travis Carter',NULL,18,NULL,'Male',NULL,'A+','2025-12-08 12:51:46'),(265,64,'INSERT',NULL,'Larry Rodgers',NULL,23,NULL,'Female',NULL,'B-','2025-12-08 12:51:46'),(266,65,'INSERT',NULL,'Nancy Glover',NULL,58,NULL,'Male',NULL,'A-','2025-12-08 12:51:46'),(267,66,'INSERT',NULL,'Jessica King',NULL,27,NULL,'Male',NULL,'AB-','2025-12-08 12:51:46'),(268,67,'INSERT',NULL,'Christopher Gonzalez',NULL,59,NULL,'Male',NULL,'B+','2025-12-08 12:51:46'),(269,68,'INSERT',NULL,'John Hartman',NULL,27,NULL,'Male',NULL,'B-','2025-12-08 12:51:46'),(270,69,'INSERT',NULL,'Michael Miller',NULL,31,NULL,'Male',NULL,'B+','2025-12-08 12:51:46'),(271,70,'INSERT',NULL,'Erica Myers',NULL,19,NULL,'Female',NULL,'A+','2025-12-08 12:51:46'),(272,71,'INSERT',NULL,'Carol Patterson',NULL,29,NULL,'Female',NULL,'O+','2025-12-08 12:51:46'),(273,72,'INSERT',NULL,'Jose Lopez',NULL,18,NULL,'Male',NULL,'A-','2025-12-08 12:51:46'),(274,73,'INSERT',NULL,'Kevin Simmons Jr.',NULL,24,NULL,'Male',NULL,'AB-','2025-12-08 12:51:46'),(275,74,'INSERT',NULL,'Duane Haney',NULL,27,NULL,'Male',NULL,'AB-','2025-12-08 12:51:46'),(276,75,'INSERT',NULL,'Jonathan Yates',NULL,57,NULL,'Female',NULL,'AB-','2025-12-08 12:51:46'),(277,76,'INSERT',NULL,'John Thomas',NULL,74,NULL,'Female',NULL,'A+','2025-12-08 12:51:46'),(278,77,'INSERT',NULL,'Adrian Buckley',NULL,22,NULL,'Female',NULL,'A-','2025-12-08 12:51:46'),(279,78,'INSERT',NULL,'April Santiago',NULL,33,NULL,'Female',NULL,'B-','2025-12-08 12:51:46'),(280,79,'INSERT',NULL,'Diane Schultz',NULL,57,NULL,'Male',NULL,'B+','2025-12-08 12:51:46'),(281,80,'INSERT',NULL,'Timothy Myers',NULL,61,NULL,'Male',NULL,'B+','2025-12-08 12:51:46'),(282,81,'INSERT',NULL,'Nicole Hughes',NULL,20,NULL,'Male',NULL,'O+','2025-12-08 12:51:46'),(283,82,'INSERT',NULL,'Chad Moreno',NULL,67,NULL,'Male',NULL,'AB+','2025-12-08 12:51:46'),(284,83,'INSERT',NULL,'Sean Jennings',NULL,80,NULL,'Female',NULL,'AB-','2025-12-08 12:51:46'),(285,84,'INSERT',NULL,'Diane Branch',NULL,44,NULL,'Male',NULL,'O+','2025-12-08 12:51:46'),(286,85,'INSERT',NULL,'Cindy Orozco',NULL,26,NULL,'Female',NULL,'B-','2025-12-08 12:51:46'),(287,86,'INSERT',NULL,'Patricia Medina',NULL,80,NULL,'Male',NULL,'AB+','2025-12-08 12:51:46'),(288,87,'INSERT',NULL,'Kayla Padilla',NULL,63,NULL,'Male',NULL,'B-','2025-12-08 12:51:46'),(289,88,'INSERT',NULL,'Juan Klein',NULL,58,NULL,'Female',NULL,'B-','2025-12-08 12:51:46'),(290,89,'INSERT',NULL,'William Hill',NULL,38,NULL,'Female',NULL,'A+','2025-12-08 12:51:46'),(291,90,'INSERT',NULL,'Carl Best',NULL,60,NULL,'Male',NULL,'B+','2025-12-08 12:51:46'),(292,91,'INSERT',NULL,'Tina Griffin',NULL,49,NULL,'Male',NULL,'B+','2025-12-08 12:51:46'),(293,92,'INSERT',NULL,'Mr. Tyler Taylor Phd',NULL,80,NULL,'Male',NULL,'A+','2025-12-08 12:51:46'),(294,93,'INSERT',NULL,'Taylor Howell Dds',NULL,35,NULL,'Female',NULL,'B+','2025-12-08 12:51:46'),(295,94,'INSERT',NULL,'Michael Martin',NULL,84,NULL,'Male',NULL,'A+','2025-12-08 12:51:46'),(296,95,'INSERT',NULL,'Heather Miller',NULL,76,NULL,'Male',NULL,'A+','2025-12-08 12:51:46'),(297,96,'INSERT',NULL,'Catherine Gardner',NULL,79,NULL,'Female',NULL,'A-','2025-12-08 12:51:46'),(298,97,'INSERT',NULL,'Anne Thompson',NULL,76,NULL,'Female',NULL,'O+','2025-12-08 12:51:46'),(299,98,'INSERT',NULL,'Todd Cooper',NULL,55,NULL,'Female',NULL,'A+','2025-12-08 12:51:46'),(300,99,'INSERT',NULL,'Phillip Lyons',NULL,53,NULL,'Male',NULL,'B-','2025-12-08 12:51:46'),(301,100,'INSERT',NULL,'Mark Ford',NULL,18,NULL,'Male',NULL,'B+','2025-12-08 12:51:46'),(302,101,'INSERT',NULL,'Marcus Zamora',NULL,69,NULL,'Male',NULL,'O+','2025-12-08 12:51:46'),(303,102,'INSERT',NULL,'Katie Henry',NULL,70,NULL,'Male',NULL,'B+','2025-12-08 12:51:46'),(304,103,'INSERT',NULL,'William Morton',NULL,21,NULL,'Male',NULL,'A+','2025-12-08 12:51:46'),(305,104,'INSERT',NULL,'Katrina Martin',NULL,47,NULL,'Male',NULL,'A-','2025-12-08 12:51:46'),(306,105,'INSERT',NULL,'Hunter Mckay',NULL,85,NULL,'Male',NULL,'A-','2025-12-08 12:51:46'),(307,106,'INSERT',NULL,'Dwayne Davis',NULL,28,NULL,'Male',NULL,'O+','2025-12-08 12:51:46'),(308,107,'INSERT',NULL,'Sarah Caldwell',NULL,62,NULL,'Male',NULL,'A-','2025-12-08 12:51:46'),(309,108,'INSERT',NULL,'David Higgins',NULL,49,NULL,'Female',NULL,'B-','2025-12-08 12:51:46'),(310,109,'INSERT',NULL,'Bradley Combs',NULL,52,NULL,'Male',NULL,'AB-','2025-12-08 12:51:46'),(311,110,'INSERT',NULL,'Christina Schmitt',NULL,53,NULL,'Male',NULL,'B+','2025-12-08 12:51:46'),(312,111,'INSERT',NULL,'Colton Strong',NULL,55,NULL,'Male',NULL,'AB-','2025-12-08 12:51:46'),(313,112,'INSERT',NULL,'Mark Price',NULL,18,NULL,'Male',NULL,'B-','2025-12-08 12:51:46'),(314,113,'INSERT',NULL,'Suzanne Schneider',NULL,52,NULL,'Male',NULL,'AB-','2025-12-08 12:51:46'),(315,114,'INSERT',NULL,'Michael Hurley',NULL,67,NULL,'Male',NULL,'AB-','2025-12-08 12:51:46'),(316,115,'INSERT',NULL,'Lindsey Lambert',NULL,82,NULL,'Female',NULL,'A+','2025-12-08 12:51:46'),(317,116,'INSERT',NULL,'Rebecca Parsons',NULL,37,NULL,'Female',NULL,'O+','2025-12-08 12:51:46'),(318,117,'INSERT',NULL,'Judy Johnson',NULL,52,NULL,'Female',NULL,'AB-','2025-12-08 12:51:46'),(319,118,'INSERT',NULL,'Tonya Campbell',NULL,37,NULL,'Female',NULL,'B+','2025-12-08 12:51:46'),(320,119,'INSERT',NULL,'James Ross',NULL,83,NULL,'Female',NULL,'A+','2025-12-08 12:51:46'),(321,120,'INSERT',NULL,'Sara Cook',NULL,33,NULL,'Male',NULL,'O-','2025-12-08 12:51:46'),(322,121,'INSERT',NULL,'Anne Howell',NULL,22,NULL,'Female',NULL,'A-','2025-12-08 12:51:46'),(323,122,'INSERT',NULL,'Renee Bailey',NULL,19,NULL,'Female',NULL,'B+','2025-12-08 12:51:46'),(324,123,'INSERT',NULL,'Jeffrey Turner',NULL,85,NULL,'Female',NULL,'O+','2025-12-08 12:51:46'),(325,124,'INSERT',NULL,'Dr. Lauren Clark Dds',NULL,19,NULL,'Male',NULL,'B+','2025-12-08 12:51:46'),(326,125,'INSERT',NULL,'Terry Thomas',NULL,50,NULL,'Female',NULL,'B-','2025-12-08 12:51:46'),(327,126,'INSERT',NULL,'Jason Baker',NULL,50,NULL,'Female',NULL,'O-','2025-12-08 12:51:46'),(328,127,'INSERT',NULL,'Jessica Gutierrez',NULL,40,NULL,'Male',NULL,'O+','2025-12-08 12:51:46'),(329,128,'INSERT',NULL,'Courtney Hodges',NULL,57,NULL,'Male',NULL,'AB-','2025-12-08 12:51:46'),(330,129,'INSERT',NULL,'Anthony Reyes',NULL,82,NULL,'Male',NULL,'AB+','2025-12-08 12:51:46'),(331,130,'INSERT',NULL,'Leah Cross Dds',NULL,20,NULL,'Male',NULL,'AB+','2025-12-08 12:51:46'),(332,131,'INSERT',NULL,'Paul Martinez',NULL,20,NULL,'Male',NULL,'B+','2025-12-08 12:51:46'),(333,132,'INSERT',NULL,'Denise Rodriguez',NULL,19,NULL,'Female',NULL,'A-','2025-12-08 12:51:46'),(334,133,'INSERT',NULL,'Ashley Erickson',NULL,32,NULL,'Female',NULL,'AB-','2025-12-08 12:51:46'),(335,134,'INSERT',NULL,'Sean Cardenas',NULL,55,NULL,'Male',NULL,'B-','2025-12-08 12:51:46'),(336,135,'INSERT',NULL,'Alan Alvarez',NULL,81,NULL,'Male',NULL,'B+','2025-12-08 12:51:46'),(337,136,'INSERT',NULL,'Jessica Phillips',NULL,26,NULL,'Male',NULL,'O-','2025-12-08 12:51:46'),(338,137,'INSERT',NULL,'Timothy Coleman',NULL,54,NULL,'Female',NULL,'AB+','2025-12-08 12:51:46'),(339,138,'INSERT',NULL,'Christina Woods',NULL,57,NULL,'Male',NULL,'B-','2025-12-08 12:51:46'),(340,139,'INSERT',NULL,'Melissa Scott',NULL,38,NULL,'Female',NULL,'AB+','2025-12-08 12:51:46'),(341,140,'INSERT',NULL,'Gary Hopkins',NULL,54,NULL,'Male',NULL,'O+','2025-12-08 12:51:46'),(342,141,'INSERT',NULL,'April Valencia',NULL,42,NULL,'Male',NULL,'A+','2025-12-08 12:51:46'),(343,142,'INSERT',NULL,'Rita Archer',NULL,20,NULL,'Male',NULL,'O-','2025-12-08 12:51:46'),(344,143,'INSERT',NULL,'Kim Pena',NULL,44,NULL,'Female',NULL,'O-','2025-12-08 12:51:46'),(345,144,'INSERT',NULL,'Jason Foley',NULL,54,NULL,'Male',NULL,'B+','2025-12-08 12:51:46'),(346,145,'INSERT',NULL,'Shaun Guzman',NULL,21,NULL,'Female',NULL,'AB-','2025-12-08 12:51:46'),(347,146,'INSERT',NULL,'Matthew White',NULL,45,NULL,'Female',NULL,'AB+','2025-12-08 12:51:46'),(348,147,'INSERT',NULL,'Alexis Wilson',NULL,68,NULL,'Female',NULL,'B+','2025-12-08 12:51:46'),(349,148,'INSERT',NULL,'Jacqueline Marshall',NULL,27,NULL,'Male',NULL,'A+','2025-12-08 12:51:46'),(350,149,'INSERT',NULL,'Robert Higgins',NULL,42,NULL,'Male',NULL,'AB-','2025-12-08 12:51:46'),(351,150,'INSERT',NULL,'Sierra Morton',NULL,27,NULL,'Female',NULL,'B-','2025-12-08 12:51:46'),(352,151,'INSERT',NULL,'Natalie Stanton',NULL,80,NULL,'Male',NULL,'B+','2025-12-08 12:51:46'),(353,152,'INSERT',NULL,'Jessica Acevedo',NULL,21,NULL,'Male',NULL,'O+','2025-12-08 12:51:46'),(354,153,'INSERT',NULL,'Jennifer Mcmillan',NULL,84,NULL,'Female',NULL,'A-','2025-12-08 12:51:46'),(355,154,'INSERT',NULL,'Christopher Mcclain',NULL,67,NULL,'Female',NULL,'O-','2025-12-08 12:51:46'),(356,155,'INSERT',NULL,'Kevin Hicks',NULL,66,NULL,'Male',NULL,'AB+','2025-12-08 12:51:46'),(357,156,'INSERT',NULL,'Melinda Richards',NULL,37,NULL,'Female',NULL,'A-','2025-12-08 12:51:46'),(358,157,'INSERT',NULL,'Robyn Miranda',NULL,30,NULL,'Female',NULL,'A-','2025-12-08 12:51:46'),(359,158,'INSERT',NULL,'Scott Castillo',NULL,78,NULL,'Male',NULL,'O+','2025-12-08 12:51:46'),(360,159,'INSERT',NULL,'John Garcia',NULL,39,NULL,'Female',NULL,'A+','2025-12-08 12:51:46'),(361,160,'INSERT',NULL,'Michael Taylor',NULL,29,NULL,'Male',NULL,'O-','2025-12-08 12:51:46'),(362,161,'INSERT',NULL,'Jeffrey Wood',NULL,81,NULL,'Female',NULL,'AB-','2025-12-08 12:51:46'),(363,162,'INSERT',NULL,'Michael Smith',NULL,66,NULL,'Female',NULL,'AB-','2025-12-08 12:51:46'),(364,163,'INSERT',NULL,'William Griffith',NULL,65,NULL,'Male',NULL,'B-','2025-12-08 12:51:46'),(365,164,'INSERT',NULL,'Christina Lawrence',NULL,80,NULL,'Male',NULL,'AB-','2025-12-08 12:51:46'),(366,165,'INSERT',NULL,'Jessica Holmes',NULL,72,NULL,'Female',NULL,'O-','2025-12-08 12:51:46'),(367,166,'INSERT',NULL,'Tracey Greene',NULL,85,NULL,'Male',NULL,'O-','2025-12-08 12:51:46'),(368,167,'INSERT',NULL,'Amanda Lopez',NULL,68,NULL,'Female',NULL,'O+','2025-12-08 12:51:46'),(369,168,'INSERT',NULL,'Laura Peters',NULL,56,NULL,'Female',NULL,'A-','2025-12-08 12:51:46'),(370,169,'INSERT',NULL,'Lauren Anderson',NULL,53,NULL,'Female',NULL,'O-','2025-12-08 12:51:46'),(371,170,'INSERT',NULL,'William Campos',NULL,37,NULL,'Female',NULL,'B+','2025-12-08 12:51:46'),(372,171,'INSERT',NULL,'Jessica Gonzales',NULL,57,NULL,'Female',NULL,'O+','2025-12-08 12:51:46'),(373,172,'INSERT',NULL,'Bruce Gonzales',NULL,36,NULL,'Male',NULL,'O+','2025-12-08 12:51:46'),(374,173,'INSERT',NULL,'Robert Walsh',NULL,20,NULL,'Female',NULL,'B+','2025-12-08 12:51:46'),(375,174,'INSERT',NULL,'Lisa Lewis',NULL,83,NULL,'Male',NULL,'O-','2025-12-08 12:51:46'),(376,175,'INSERT',NULL,'William Ruiz',NULL,79,NULL,'Male',NULL,'B+','2025-12-08 12:51:46'),(377,176,'INSERT',NULL,'Steven Baldwin',NULL,62,NULL,'Male',NULL,'O+','2025-12-08 12:51:46'),(378,177,'INSERT',NULL,'Megan Colon',NULL,38,NULL,'Male',NULL,'AB+','2025-12-08 12:51:46'),(379,178,'INSERT',NULL,'Kimberly Brooks',NULL,75,NULL,'Female',NULL,'B-','2025-12-08 12:51:46'),(380,179,'INSERT',NULL,'Edward Smith Jr.',NULL,28,NULL,'Male',NULL,'A+','2025-12-08 12:51:46'),(381,180,'INSERT',NULL,'Allison Cordova',NULL,36,NULL,'Male',NULL,'O-','2025-12-08 12:51:46'),(382,181,'INSERT',NULL,'Linda Thomas',NULL,54,NULL,'Male',NULL,'AB+','2025-12-08 12:51:46'),(383,182,'INSERT',NULL,'Parker Moore',NULL,81,NULL,'Female',NULL,'B-','2025-12-08 12:51:46'),(384,183,'INSERT',NULL,'Tanya Soto',NULL,56,NULL,'Female',NULL,'AB+','2025-12-08 12:51:46'),(385,184,'INSERT',NULL,'Michael Jordan',NULL,30,NULL,'Male',NULL,'AB-','2025-12-08 12:51:46'),(386,185,'INSERT',NULL,'Christina Martin',NULL,64,NULL,'Female',NULL,'A-','2025-12-08 12:51:46'),(387,186,'INSERT',NULL,'Tracy Burke',NULL,76,NULL,'Male',NULL,'A+','2025-12-08 12:51:46'),(388,187,'INSERT',NULL,'David Spence',NULL,21,NULL,'Female',NULL,'AB+','2025-12-08 12:51:46'),(389,188,'INSERT',NULL,'Joseph Foster',NULL,59,NULL,'Female',NULL,'O+','2025-12-08 12:51:46'),(390,189,'INSERT',NULL,'Nicholas Hall',NULL,31,NULL,'Female',NULL,'A-','2025-12-08 12:51:46'),(391,190,'INSERT',NULL,'Christina Macias',NULL,36,NULL,'Female',NULL,'O+','2025-12-08 12:51:46'),(392,191,'INSERT',NULL,'Scott Jones',NULL,42,NULL,'Female',NULL,'B+','2025-12-08 12:51:46'),(393,192,'INSERT',NULL,'James Anderson',NULL,18,NULL,'Female',NULL,'AB+','2025-12-08 12:51:46'),(394,193,'INSERT',NULL,'Shaun Long',NULL,62,NULL,'Female',NULL,'A+','2025-12-08 12:51:46'),(395,194,'INSERT',NULL,'Kristina Mora',NULL,53,NULL,'Male',NULL,'AB+','2025-12-08 12:51:46'),(396,195,'INSERT',NULL,'Joshua Richmond',NULL,82,NULL,'Female',NULL,'A+','2025-12-08 12:51:46'),(397,196,'INSERT',NULL,'Mark Lawrence',NULL,19,NULL,'Female',NULL,'O-','2025-12-08 12:51:46'),(398,197,'INSERT',NULL,'John Ellis',NULL,83,NULL,'Female',NULL,'A-','2025-12-08 12:51:46'),(399,198,'INSERT',NULL,'Mrs. Tiffany Dennis',NULL,26,NULL,'Male',NULL,'O-','2025-12-08 12:51:46'),(400,199,'INSERT',NULL,'Cynthia Huang',NULL,51,NULL,'Male',NULL,'O+','2025-12-08 12:51:46'),(401,200,'INSERT',NULL,'Melissa Lawrence',NULL,20,NULL,'Male',NULL,'O+','2025-12-08 12:51:46'),(402,201,'INSERT',NULL,'Steven Goodwin',NULL,61,NULL,'Female',NULL,'A-','2025-12-08 12:51:46'),(403,202,'INSERT',NULL,'John Smith',NULL,35,NULL,'Male',NULL,'O+','2025-12-08 12:52:33'),(404,202,'UPDATE','John Smith','John Smith',35,36,'Male','Male','O+','AB+','2025-12-08 12:53:25');
/*!40000 ALTER TABLE `patientaudit` ENABLE KEYS */;

--
-- Table structure for table `patients`
--

DROP TABLE IF EXISTS `patients`;
/*!40101 SET @saved_cs_client     = @@character_set_client */;
/*!50503 SET character_set_client = utf8mb4 */;
CREATE TABLE `patients` (
  `PatientID` int NOT NULL AUTO_INCREMENT,
  `Name` varchar(100) NOT NULL,
  `Age` int DEFAULT NULL,
  `Gender` varchar(10) DEFAULT NULL,
  `BloodType` varchar(5) DEFAULT NULL,
  PRIMARY KEY (`PatientID`)
) ENGINE=InnoDB AUTO_INCREMENT=203 DEFAULT CHARSET=utf8mb4 COLLATE=utf8mb4_0900_ai_ci;
/*!40101 SET character_set_client = @saved_cs_client */;

--
-- Dumping data for table `patients`
--

/*!40000 ALTER TABLE `patients` DISABLE KEYS */;
INSERT INTO `patients` VALUES (1,'Bobby Jackson',30,'Male','B-'),(2,'Leslie Terry',62,'Male','A+'),(3,'Danny Smith',76,'Female','A-'),(4,'Andrew Watts',28,'Female','O+'),(5,'Adrienne Bell',43,'Female','AB+'),(6,'Emily Johnson',36,'Male','A+'),(7,'Edward Edwards',21,'Female','AB-'),(8,'Christina Martinez',20,'Female','A+'),(9,'Jasmine Aguilar',82,'Male','AB+'),(10,'Christopher Berg',58,'Female','AB-'),(11,'Michelle Daniels',72,'Male','O+'),(12,'Aaron Martinez',38,'Female','A-'),(13,'Connor Hansen',75,'Female','A+'),(14,'Robert Bauer',68,'Female','AB+'),(15,'Brooke Brady',44,'Female','AB+'),(16,'Ms. Natalie Gamble',46,'Female','AB-'),(17,'Haley Perkins',63,'Female','A+'),(18,'Mrs. Jamie Campbell',38,'Male','AB-'),(19,'Luke Burgess',34,'Female','A-'),(20,'Daniel Schmidt',63,'Male','B+'),(21,'Timothy Burns',67,'Female','A-'),(22,'Christopher Bright',48,'Male','B+'),(23,'Kathryn Stewart',58,'Female','O+'),(24,'Dr. Eileen Thompson',59,'Male','A+'),(25,'Paul Henderson',72,'Female','AB+'),(26,'Peter Fitzgerald',73,'Male','AB+'),(27,'Cathy Small',51,'Female','O-'),(28,'Mr. Kenneth Moore',34,'Female','A+'),(29,'Mary Hunter',38,'Female','O-'),(30,'Joshua Oliver',63,'Female','B+'),(31,'Thomas Martinez',34,'Male','B-'),(32,'James Patterson',23,'Female','A+'),(33,'William Cooper',78,'Male','AB-'),(34,'Erin Ortega',43,'Male','AB-'),(35,'Nicole Rodriguez',30,'Female','AB+'),(36,'David Anderson',25,'Female','AB+'),(37,'Denise Torres',33,'Male','AB+'),(38,'Cassandra Robinson',26,'Female','B-'),(39,'Nicole Lucero',70,'Female','O-'),(40,'Pamela Fernandez',57,'Female','B-'),(41,'Christopher Lee',74,'Female','B-'),(42,'Thomas Morse',81,'Male','A+'),(43,'Mr. Eric Lane',49,'Female','A-'),(44,'Katherine Smith',26,'Female','AB+'),(45,'Paul Williams',81,'Female','AB-'),(46,'Lynn Martinez',65,'Male','O+'),(47,'Christopher Chapman',31,'Female','O+'),(48,'Chris Frye',58,'Male','A-'),(49,'Kyle Bennett',22,'Male','O+'),(50,'Brandon Collins',77,'Female','O+'),(51,'Michael Liu',30,'Male','AB-'),(52,'Stephanie Kent',42,'Female','A-'),(53,'Jesse Banks',67,'Female','AB+'),(54,'Peggy Lee',24,'Female','A-'),(55,'Tamara Hernandez',84,'Female','B-'),(56,'Mr. David Pierce Md',73,'Female','A-'),(57,'Bethany Moore',55,'Female','A+'),(58,'Michael Mills',23,'Male','O-'),(59,'Kyle Wiley',40,'Female','AB-'),(60,'Jacqueline Jordan',51,'Male','O+'),(61,'Ashley Gutierrez',83,'Male','AB+'),(62,'Kim Scott',63,'Male','A-'),(63,'Travis Carter',18,'Male','A+'),(64,'Larry Rodgers',23,'Female','B-'),(65,'Nancy Glover',58,'Male','A-'),(66,'Jessica King',27,'Male','AB-'),(67,'Christopher Gonzalez',59,'Male','B+'),(68,'John Hartman',27,'Male','B-'),(69,'Michael Miller',31,'Male','B+'),(70,'Erica Myers',19,'Female','A+'),(71,'Carol Patterson',29,'Female','O+'),(72,'Jose Lopez',18,'Male','A-'),(73,'Kevin Simmons Jr.',24,'Male','AB-'),(74,'Duane Haney',27,'Male','AB-'),(75,'Jonathan Yates',57,'Female','AB-'),(76,'John Thomas',74,'Female','A+'),(77,'Adrian Buckley',22,'Female','A-'),(78,'April Santiago',33,'Female','B-'),(79,'Diane Schultz',57,'Male','B+'),(80,'Timothy Myers',61,'Male','B+'),(81,'Nicole Hughes',20,'Male','O+'),(82,'Chad Moreno',67,'Male','AB+'),(83,'Sean Jennings',80,'Female','AB-'),(84,'Diane Branch',44,'Male','O+'),(85,'Cindy Orozco',26,'Female','B-'),(86,'Patricia Medina',80,'Male','AB+'),(87,'Kayla Padilla',63,'Male','B-'),(88,'Juan Klein',58,'Female','B-'),(89,'William Hill',38,'Female','A+'),(90,'Carl Best',60,'Male','B+'),(91,'Tina Griffin',49,'Male','B+'),(92,'Mr. Tyler Taylor Phd',80,'Male','A+'),(93,'Taylor Howell Dds',35,'Female','B+'),(94,'Michael Martin',84,'Male','A+'),(95,'Heather Miller',76,'Male','A+'),(96,'Catherine Gardner',79,'Female','A-'),(97,'Anne Thompson',76,'Female','O+'),(98,'Todd Cooper',55,'Female','A+'),(99,'Phillip Lyons',53,'Male','B-'),(100,'Mark Ford',18,'Male','B+'),(101,'Marcus Zamora',69,'Male','O+'),(102,'Katie Henry',70,'Male','B+'),(103,'William Morton',21,'Male','A+'),(104,'Katrina Martin',47,'Male','A-'),(105,'Hunter Mckay',85,'Male','A-'),(106,'Dwayne Davis',28,'Male','O+'),(107,'Sarah Caldwell',62,'Male','A-'),(108,'David Higgins',49,'Female','B-'),(109,'Bradley Combs',52,'Male','AB-'),(110,'Christina Schmitt',53,'Male','B+'),(111,'Colton Strong',55,'Male','AB-'),(112,'Mark Price',18,'Male','B-'),(113,'Suzanne Schneider',52,'Male','AB-'),(114,'Michael Hurley',67,'Male','AB-'),(115,'Lindsey Lambert',82,'Female','A+'),(116,'Rebecca Parsons',37,'Female','O+'),(117,'Judy Johnson',52,'Female','AB-'),(118,'Tonya Campbell',37,'Female','B+'),(119,'James Ross',83,'Female','A+'),(120,'Sara Cook',33,'Male','O-'),(121,'Anne Howell',22,'Female','A-'),(122,'Renee Bailey',19,'Female','B+'),(123,'Jeffrey Turner',85,'Female','O+'),(124,'Dr. Lauren Clark Dds',19,'Male','B+'),(125,'Terry Thomas',50,'Female','B-'),(126,'Jason Baker',50,'Female','O-'),(127,'Jessica Gutierrez',40,'Male','O+'),(128,'Courtney Hodges',57,'Male','AB-'),(129,'Anthony Reyes',82,'Male','AB+'),(130,'Leah Cross Dds',20,'Male','AB+'),(131,'Paul Martinez',20,'Male','B+'),(132,'Denise Rodriguez',19,'Female','A-'),(133,'Ashley Erickson',32,'Female','AB-'),(134,'Sean Cardenas',55,'Male','B-'),(135,'Alan Alvarez',81,'Male','B+'),(136,'Jessica Phillips',26,'Male','O-'),(137,'Timothy Coleman',54,'Female','AB+'),(138,'Christina Woods',57,'Male','B-'),(139,'Melissa Scott',38,'Female','AB+'),(140,'Gary Hopkins',54,'Male','O+'),(141,'April Valencia',42,'Male','A+'),(142,'Rita Archer',20,'Male','O-'),(143,'Kim Pena',44,'Female','O-'),(144,'Jason Foley',54,'Male','B+'),(145,'Shaun Guzman',21,'Female','AB-'),(146,'Matthew White',45,'Female','AB+'),(147,'Alexis Wilson',68,'Female','B+'),(148,'Jacqueline Marshall',27,'Male','A+'),(149,'Robert Higgins',42,'Male','AB-'),(150,'Sierra Morton',27,'Female','B-'),(151,'Natalie Stanton',80,'Male','B+'),(152,'Jessica Acevedo',21,'Male','O+'),(153,'Jennifer Mcmillan',84,'Female','A-'),(154,'Christopher Mcclain',67,'Female','O-'),(155,'Kevin Hicks',66,'Male','AB+'),(156,'Melinda Richards',37,'Female','A-'),(157,'Robyn Miranda',30,'Female','A-'),(158,'Scott Castillo',78,'Male','O+'),(159,'John Garcia',39,'Female','A+'),(160,'Michael Taylor',29,'Male','O-'),(161,'Jeffrey Wood',81,'Female','AB-'),(162,'Michael Smith',66,'Female','AB-'),(163,'William Griffith',65,'Male','B-'),(164,'Christina Lawrence',80,'Male','AB-'),(165,'Jessica Holmes',72,'Female','O-'),(166,'Tracey Greene',85,'Male','O-'),(167,'Amanda Lopez',68,'Female','O+'),(168,'Laura Peters',56,'Female','A-'),(169,'Lauren Anderson',53,'Female','O-'),(170,'William Campos',37,'Female','B+'),(171,'Jessica Gonzales',57,'Female','O+'),(172,'Bruce Gonzales',36,'Male','O+'),(173,'Robert Walsh',20,'Female','B+'),(174,'Lisa Lewis',83,'Male','O-'),(175,'William Ruiz',79,'Male','B+'),(176,'Steven Baldwin',62,'Male','O+'),(177,'Megan Colon',38,'Male','AB+'),(178,'Kimberly Brooks',75,'Female','B-'),(179,'Edward Smith Jr.',28,'Male','A+'),(180,'Allison Cordova',36,'Male','O-'),(181,'Linda Thomas',54,'Male','AB+'),(182,'Parker Moore',81,'Female','B-'),(183,'Tanya Soto',56,'Female','AB+'),(184,'Michael Jordan',30,'Male','AB-'),(185,'Christina Martin',64,'Female','A-'),(186,'Tracy Burke',76,'Male','A+'),(187,'David Spence',21,'Female','AB+'),(188,'Joseph Foster',59,'Female','O+'),(189,'Nicholas Hall',31,'Female','A-'),(190,'Christina Macias',36,'Female','O+'),(191,'Scott Jones',42,'Female','B+'),(192,'James Anderson',18,'Female','AB+'),(193,'Shaun Long',62,'Female','A+'),(194,'Kristina Mora',53,'Male','AB+'),(195,'Joshua Richmond',82,'Female','A+'),(196,'Mark Lawrence',19,'Female','O-'),(197,'John Ellis',83,'Female','A-'),(198,'Mrs. Tiffany Dennis',26,'Male','O-'),(199,'Cynthia Huang',51,'Male','O+'),(200,'Melissa Lawrence',20,'Male','O+'),(201,'Steven Goodwin',61,'Female','A-'),(202,'John Smith',36,'Male','AB+');
/*!40000 ALTER TABLE `patients` ENABLE KEYS */;
/*!50003 SET @saved_cs_client      = @@character_set_client */ ;
/*!50003 SET @saved_cs_results     = @@character_set_results */ ;
/*!50003 SET @saved_col_connection = @@collation_connection */ ;
/*!50003 SET character_set_client  = utf8mb4 */ ;
/*!50003 SET character_set_results = utf8mb4 */ ;
/*!50003 SET collation_connection  = utf8mb4_unicode_ci */ ;
/*!50003 SET @saved_sql_mode       = @@sql_mode */ ;
/*!50003 SET sql_mode              = 'IGNORE_SPACE,ONLY_FULL_GROUP_BY,STRICT_TRANS_TABLES,NO_ZERO_IN_DATE,NO_ZERO_DATE,ERROR_FOR_DIVISION_BY_ZERO,NO_ENGINE_SUBSTITUTION' */ ;
DELIMITER ;;
/*!50003 CREATE*/ /*!50017 DEFINER=`root`@`localhost`*/ /*!50003 TRIGGER `after_patient_insert` AFTER INSERT ON `patients` FOR EACH ROW BEGIN
    INSERT INTO PatientAudit (PatientID, ActionType, NewName, NewAge, NewGender, NewBloodType)
    VALUES (NEW.PatientID, 'INSERT', NEW.Name, NEW.Age, NEW.Gender, NEW.BloodType);
END */;;
DELIMITER ;
/*!50003 SET sql_mode              = @saved_sql_mode */ ;
/*!50003 SET character_set_client  = @saved_cs_client */ ;
/*!50003 SET character_set_results = @saved_cs_results */ ;
/*!50003 SET collation_connection  = @saved_col_connection */ ;
/*!50003 SET @saved_cs_client      = @@character_set_client */ ;
/*!50003 SET @saved_cs_results     = @@character_set_results */ ;
/*!50003 SET @saved_col_connection = @@collation_connection */ ;
/*!50003 SET character_set_client  = utf8mb4 */ ;
/*!50003 SET character_set_results = utf8mb4 */ ;
/*!50003 SET collation_connection  = utf8mb4_unicode_ci */ ;
/*!50003 SET @saved_sql_mode       = @@sql_mode */ ;
/*!50003 SET sql_mode              = 'IGNORE_SPACE,ONLY_FULL_GROUP_BY,STRICT_TRANS_TABLES,NO_ZERO_IN_DATE,NO_ZERO_DATE,ERROR_FOR_DIVISION_BY_ZERO,NO_ENGINE_SUBSTITUTION' */ ;
DELIMITER ;;
/*!50003 CREATE*/ /*!50017 DEFINER=`root`@`localhost`*/ /*!50003 TRIGGER `after_patient_update` AFTER UPDATE ON `patients` FOR EACH ROW BEGIN
    INSERT INTO PatientAudit (PatientID, ActionType, OldName, NewName, OldAge, NewAge, OldGender, NewGender,OldBloodType,NewBloodType)
    VALUES (OLD.PatientID, 'UPDATE', OLD.Name, NEW.Name, OLD.Age, NEW.Age, OLD.Gender, NEW.Gender,OLD.BloodType,NEW.BloodType);
END */;;
DELIMITER ;
/*!50003 SET sql_mode              = @saved_sql_mode */ ;
/*!50003 SET character_set_client  = @saved_cs_client */ ;
/*!50003 SET character_set_results = @saved_cs_results */ ;
/*!50003 SET collation_connection  = @saved_col_connection */ ;
/*!50003 SET @saved_cs_client      = @@character_set_client */ ;
/*!50003 SET @saved_cs_results     = @@character_set_results */ ;
/*!50003 SET @saved_col_connection = @@collation_connection */ ;
/*!50003 SET character_set_client  = utf8mb4 */ ;
/*!50003 SET character_set_results = utf8mb4 */ ;
/*!50003 SET collation_connection  = utf8mb4_unicode_ci */ ;
/*!50003 SET @saved_sql_mode       = @@sql_mode */ ;
/*!50003 SET sql_mode              = 'IGNORE_SPACE,ONLY_FULL_GROUP_BY,STRICT_TRANS_TABLES,NO_ZERO_IN_DATE,NO_ZERO_DATE,ERROR_FOR_DIVISION_BY_ZERO,NO_ENGINE_SUBSTITUTION' */ ;
DELIMITER ;;
/*!50003 CREATE*/ /*!50017 DEFINER=`root`@`localhost`*/ /*!50003 TRIGGER `after_patient_delete` AFTER DELETE ON `patients` FOR EACH ROW BEGIN
    INSERT INTO PatientAudit (PatientID, ActionType, OldName, OldAge, OldGender,OldBloodType)
    VALUES (OLD.PatientID, 'DELETE', OLD.Name, OLD.Age, OLD.Gender,OLD.BloodType);

END */;;
DELIMITER ;
/*!50003 SET sql_mode              = @saved_sql_mode */ ;
/*!50003 SET character_set_client  = @saved_cs_client */ ;
/*!50003 SET character_set_results = @saved_cs_results */ ;
/*!50003 SET collation_connection  = @saved_col_connection */ ;

--
-- Temporary view structure for view `receptionistview`
--

DROP TABLE IF EXISTS `receptionistview`;
/*!50001 DROP VIEW IF EXISTS `receptionistview`*/;
SET @saved_cs_client     = @@character_set_client;
/*!50503 SET character_set_client = utf8mb4 */;
/*!50001 CREATE VIEW `receptionistview` AS SELECT 
 1 AS `PatientID`,
 1 AS `PatientName`,
 1 AS `Age`,
 1 AS `Gender`,
 1 AS `VisitID`,
 1 AS `DateOfAdmission`,
 1 AS `DischargeDate`,
 1 AS `AdmissionType`,
 1 AS `RoomNumber`,
 1 AS `HospitalName`*/;
SET character_set_client = @saved_cs_client;

--
-- Table structure for table `systemusers`
--

DROP TABLE IF EXISTS `systemusers`;
/*!40101 SET @saved_cs_client     = @@character_set_client */;
/*!50503 SET character_set_client = utf8mb4 */;
CREATE TABLE `systemusers` (
  `UserID` int NOT NULL AUTO_INCREMENT,
  `Username` varchar(100) NOT NULL,
  `Password` varchar(255) NOT NULL,
  `Role` enum('Admin','Doctor','BillingClerk','LabTech','Receptionist') NOT NULL,
  `DoctorID` int DEFAULT NULL,
  `CreatedAt` timestamp NULL DEFAULT CURRENT_TIMESTAMP,
  `UpdatedAt` timestamp NULL DEFAULT CURRENT_TIMESTAMP ON UPDATE CURRENT_TIMESTAMP,
  PRIMARY KEY (`UserID`),
  UNIQUE KEY `Username` (`Username`),
  KEY `DoctorID` (`DoctorID`),
  CONSTRAINT `systemusers_ibfk_1` FOREIGN KEY (`DoctorID`) REFERENCES `doctors` (`DoctorID`)
) ENGINE=InnoDB AUTO_INCREMENT=209 DEFAULT CHARSET=utf8mb4 COLLATE=utf8mb4_0900_ai_ci;
/*!40101 SET character_set_client = @saved_cs_client */;

--
-- Dumping data for table `systemusers`
--

/*!40000 ALTER TABLE `systemusers` DISABLE KEYS */;
INSERT INTO `systemusers` VALUES (1,'doc_183_Adam_Ross','24a2bda86604f5a536d6a335a05c5ab749ca76936248e2cf3cc51be41c7fe6b5','Doctor',183,'2025-12-08 12:51:47','2025-12-08 12:51:47'),(2,'doc_53_Alexander_Garcia','c808c03e018053de9cf8d3742fc7f5162f9990414c90929742c62e754c41456d','Doctor',53,'2025-12-08 12:51:47','2025-12-08 12:51:47'),(3,'doc_158_Alyssa_Edwards','b685c739abcce2982486cd74de7632f4c464cfdbc29a660d68f496b82fdf86bc','Doctor',158,'2025-12-08 12:51:47','2025-12-08 12:51:47'),(4,'doc_73_Amanda_Garcia','5f82d7ac2694aad5c5e4f6ff1fbc2fa88362147e25956dd640e423365000051a','Doctor',73,'2025-12-08 12:51:47','2025-12-08 12:51:47'),(5,'doc_161_Amber_Holmes','3045f2a3d508f07a083870a52616bf517a890a1651712326951c29baa458c020','Doctor',161,'2025-12-08 12:51:47','2025-12-08 12:51:47'),(6,'doc_184_Amy_Williams','8ca1c1439d1d3c2cbdaeed5e1ee6f1002af322f7574fb7b98c1bce85442b93d8','Doctor',184,'2025-12-08 12:51:47','2025-12-08 12:51:47'),(7,'doc_26_Angela_Contreras','858ac49501f461f6693730a2deddec0b564cd86a650a7b58deae35c127855502','Doctor',26,'2025-12-08 12:51:47','2025-12-08 12:51:47'),(8,'doc_162_Austin_Jackson','f1d246455e64c90304dde9c165fba427506012b33f79855b617779ea2524eef7','Doctor',162,'2025-12-08 12:51:47','2025-12-08 12:51:47'),(9,'doc_111_Benjamin_Webb','7bed97917ab8261371c255162b0eeecf80aeb23a2572838c52191b974ec3d3d5','Doctor',111,'2025-12-08 12:51:47','2025-12-08 12:51:47'),(10,'doc_30_Brandy_Mitchell','d56e2fcded0a5e6bb3c49059d327e747cdf33f7ef280fec3ce82b1fdafcd9edc','Doctor',30,'2025-12-08 12:51:47','2025-12-08 12:51:47'),(11,'doc_128_Brenda_Lopez','6e798ad4b45d77e642873a3f36ab2f721806d5585031f07ae9bbcc869ff9e0ac','Doctor',128,'2025-12-08 12:51:47','2025-12-08 12:51:47'),(12,'doc_164_Brent_Smith','9ae0064aa0d1d44e5ae30ca42ea1554d86c9156397fa49172f70ef6419e8417a','Doctor',164,'2025-12-08 12:51:47','2025-12-08 12:51:47'),(13,'doc_124_Brian_Wagner','61cae77643315b70ad2bcbd47ee45b133e77a1e9fcd7d333dafdf6c38540757b','Doctor',124,'2025-12-08 12:51:47','2025-12-08 12:51:47'),(14,'doc_147_Brian_Walton','ab7fc55f25218c771e01060aca5a60d30360ba02b141794d932d799d2dfd688e','Doctor',147,'2025-12-08 12:51:47','2025-12-08 12:51:47'),(15,'doc_113_Bruce_Garrett','a86a89bd5647581fd6693822dafd8fd0c5b298e1b1c6c1939c2d933208be724f','Doctor',113,'2025-12-08 12:51:47','2025-12-08 12:51:47'),(16,'doc_50_Cameron_Young','0085dc7f7c23c7ed244a2619a8aee5064807a1ba56750aacf94d88dac0e2a4f6','Doctor',50,'2025-12-08 12:51:47','2025-12-08 12:51:47'),(17,'doc_192_Chris_Holt','ae2a75498b23d63f81a7c208d0aa4c972205e27c8faed5134d59e464830941c7','Doctor',192,'2025-12-08 12:51:47','2025-12-08 12:51:47'),(18,'doc_103_Christina_Hammond','8daa6765e9911bae0c838b15d211dc07496612d175f70aeb19048b321c021d4e','Doctor',103,'2025-12-08 12:51:47','2025-12-08 12:51:47'),(19,'doc_39_Christine_Johnson','8adb0e78b54d51d127377540a1392cb0d12cd4053d1768c7816f1191e48fbc6a','Doctor',39,'2025-12-08 12:51:47','2025-12-08 12:51:47'),(20,'doc_109_Christopher_Butler','ba22b567f2bb5cedf351e2b52c602fe1b64ffa1258b21b5028b4b605c190fa67','Doctor',109,'2025-12-08 12:51:47','2025-12-08 12:51:47'),(21,'doc_115_Christopher_Guerra','2e1450e867b6f3c88fdb5d6b99d3824f67072822b053b61a3c2bc1b1e1242a38','Doctor',115,'2025-12-08 12:51:47','2025-12-08 12:51:47'),(22,'doc_62_Cindy_Ellis','62869cfaeee3f2f1f0d91f77cde844d18d7a4a2089b8e8ded1bf61989c59dcd9','Doctor',62,'2025-12-08 12:51:47','2025-12-08 12:51:47'),(23,'doc_143_Cindy_White','499ecbef63d6712553a0586dc6cdcee2b919dd679dcc89a34eb430923566241c','Doctor',143,'2025-12-08 12:51:47','2025-12-08 12:51:47'),(24,'doc_82_Connie_Boyd','376f648801c694fe6ad6449f660b298ee6baa045bc2669416df379671358b11b','Doctor',82,'2025-12-08 12:51:47','2025-12-08 12:51:47'),(25,'doc_127_Crystal_Chavez','82c4af46d9375d36755d7b6c19a08e60c3cd0b7c2f1fb212e317add847ddff29','Doctor',127,'2025-12-08 12:51:47','2025-12-08 12:51:47'),(26,'doc_75_Cynthia_Scott','9739d1d0badfab7afadf3f502b998fe9a602bd61f63c75529439844ec8827a18','Doctor',75,'2025-12-08 12:51:47','2025-12-08 12:51:47'),(27,'doc_107_Daniel_Carson','b66c9913e556c3f32defc9a449e43980bea50e94006b1cdebfc1a23cac2f88ea','Doctor',107,'2025-12-08 12:51:47','2025-12-08 12:51:47'),(28,'doc_9_Daniel_Ferguson','53197976fe112488dd362595ea6821fa6f35ef9c403f26f8ac5bf92024dcfa52','Doctor',9,'2025-12-08 12:51:47','2025-12-08 12:51:47'),(29,'doc_46_Daniel_Murphy','19cf003b28a62f3bd382ab98742ad0e7bce0aa3cc398e35b963c9d69afccde00','Doctor',46,'2025-12-08 12:51:47','2025-12-08 12:51:47'),(30,'doc_181_Daniel_Rodgers','609c4ec1a50326ee98fb0a147d0165c29250aa93b00acf38d7e8816a56204ada','Doctor',181,'2025-12-08 12:51:47','2025-12-08 12:51:47'),(31,'doc_150_Daniel_Shelton','2a2ed4182b0bea6921708d8af56399c924d51a18b81ebae36a8a30c4e65c2f03','Doctor',150,'2025-12-08 12:51:47','2025-12-08 12:51:47'),(32,'doc_188_Daniel_Smith','8d6c3eab1f0c98e4db63392b20886af01571c03884e2bf356cdb3208be755439','Doctor',188,'2025-12-08 12:51:47','2025-12-08 12:51:47'),(33,'doc_140_David_Hubbard','0ff77d1da50b6470f1a9da7dfe94089a9d5b1b6a5c8a6b45e17475fd91bb1acf','Doctor',140,'2025-12-08 12:51:47','2025-12-08 12:51:47'),(34,'doc_96_David_Ruiz','7e5c7ee416e9c4ab745544a3ba699b059a58cfa64526fd7d88e1840e23aec8d1','Doctor',96,'2025-12-08 12:51:47','2025-12-08 12:51:47'),(35,'doc_20_Denise_Galloway','65843751818513e5949c7d19fa467c08b114f345d8ebae5fb4692a1c2835d0e5','Doctor',20,'2025-12-08 12:51:47','2025-12-08 12:51:47'),(36,'doc_191_Dennis_Small','ab115750a56e4ad3d0867e214e3bff1255af375a33341fcd11f7dc2de7bff95c','Doctor',191,'2025-12-08 12:51:47','2025-12-08 12:51:47'),(37,'doc_105_Dominic_Mitchell','feee75ca95600063e1efd1b642d5ea71e41ac0492aeab6aa059a7582c5c296ef','Doctor',105,'2025-12-08 12:51:47','2025-12-08 12:51:47'),(38,'doc_24_Donna_Martinez_MD','1e668cf2985b13c44af77a9f14c0f0d2a42a8f55ca896cf9945e7f8eb0a49ccf','Doctor',24,'2025-12-08 12:51:47','2025-12-08 12:51:47'),(39,'doc_120_Douglas_Fleming','034b3477b9b1e4d7507bb9144e34f4e5c2a13704f14bb1c9be2ee06ce9626b9f','Doctor',120,'2025-12-08 12:51:47','2025-12-08 12:51:47'),(40,'doc_144_Douglas_Li','2056ce69bca6008f76856666c3ca02c9034a3d9a309b651c171405e10a66fc98','Doctor',144,'2025-12-08 12:51:47','2025-12-08 12:51:47'),(41,'doc_12_Douglas_Mayo','fcf8b9598b75b57de4ae675b6bbef8ee99035a98e2203a9005587d533d737707','Doctor',12,'2025-12-08 12:51:47','2025-12-08 12:51:47'),(42,'doc_157_Elizabeth_Frank','05b6ce1ed52040e8f4f17df514a449016bfe64cc2eb0074532f71b109e9e6123','Doctor',157,'2025-12-08 12:51:47','2025-12-08 12:51:47'),(43,'doc_135_Elizabeth_Morales','e337be9d0c9c97323f4684443dfd13cb3bdbaf9ed6fae758be0125c5f565105e','Doctor',135,'2025-12-08 12:51:47','2025-12-08 12:51:47'),(44,'doc_177_Emily_Cruz','d2c92b3e41bb6b70022156d34b500f6c817d9067fbd6dd198b0b08481d99d19b','Doctor',177,'2025-12-08 12:51:47','2025-12-08 12:51:47'),(45,'doc_47_Emily_Patterson','c7009a5e682c12115a2ba5d8af674eff8c8adb9aa05cd8e83cfc7642ec59c56b','Doctor',47,'2025-12-08 12:51:47','2025-12-08 12:51:47'),(46,'doc_40_Emily_Taylor','caf74436bb1340429bc9365b227026d1422bec284a2d51b8ecbbbba954140e17','Doctor',40,'2025-12-08 12:51:47','2025-12-08 12:51:47'),(47,'doc_186_Emily_Thomas','446c05c9896a9c96fa76a5caac61269550ed821f8b6742ee3013ee185236f53f','Doctor',186,'2025-12-08 12:51:47','2025-12-08 12:51:47'),(48,'doc_36_Emma_Allison','1d78fc514c3dfbb8a45ec62cf30f6f21d958677ede7f54ab2625fbb28d75bdee','Doctor',36,'2025-12-08 12:51:47','2025-12-08 12:51:47'),(49,'doc_64_Eric_Kelly','a27bedc0c889e4f0f6bf5185efcb550231cd5ac7d9ced1227b9982ff1089226c','Doctor',64,'2025-12-08 12:51:47','2025-12-08 12:51:47'),(50,'doc_160_Erica_Mccormick','de23f0f52f5e8ff57cab208888a0778415ec6d787a45d1bded9aa429e57d2cc7','Doctor',160,'2025-12-08 12:51:47','2025-12-08 12:51:47'),(51,'doc_17_Erica_Spencer','58f918fbefeaaa95f02371b5e6ee1b9a7fc86e15619437e7de4f7f0fa9c79f48','Doctor',17,'2025-12-08 12:51:47','2025-12-08 12:51:47'),(52,'doc_72_Erika_Jackson','321e8069c99418363148ec4b4cd163391e7a08cf80c432ddf4fbd11e8adfaa35','Doctor',72,'2025-12-08 12:51:47','2025-12-08 12:51:47'),(53,'doc_108_Erin_Henderson_MD','5742d440b6ff0e4acef1fd760e6eb0ebe5a08078843994cad60dc1eee30c6393','Doctor',108,'2025-12-08 12:51:47','2025-12-08 12:51:47'),(54,'doc_167_Ethan_Wagner','f810378b2eb708d74f98e0c9ceb03cfce8184a55fbdcbb85efe89a50873ca287','Doctor',167,'2025-12-08 12:51:47','2025-12-08 12:51:47'),(55,'doc_133_Gerald_Hooper','f92aef95c60e1383dfeee0740f1ab30cf493cd1701c66dd59f907e3efd5126c3','Doctor',133,'2025-12-08 12:51:47','2025-12-08 12:51:47'),(56,'doc_90_Gregory_Hansen','531319efb7bf1dbd634957704593265207851dc855ed158ffa2e5ff1fe2b7d15','Doctor',90,'2025-12-08 12:51:47','2025-12-08 12:51:47'),(57,'doc_194_Gregory_Lambert','a631f8db977a6a6e9e9ab1b02f0a55039a83964bb5922abd61ce7222874dd64a','Doctor',194,'2025-12-08 12:51:47','2025-12-08 12:51:47'),(58,'doc_22_Gregory_Smith','8f398b254a78d5ff45a85f0dcad8bdef764d77e05e4407990cc0356a1b702738','Doctor',22,'2025-12-08 12:51:47','2025-12-08 12:51:47'),(59,'doc_10_Heather_Day','9d0f92e2cd9b7d4bab28263afd9a0f13d77e93460f4799930c171110f74244b7','Doctor',10,'2025-12-08 12:51:47','2025-12-08 12:51:47'),(60,'doc_34_Heather_Garcia','9ea057989dd9de4b437a2d96c289dd764606b7aa1ca3da5cc482472792b9c50a','Doctor',34,'2025-12-08 12:51:47','2025-12-08 12:51:47'),(61,'doc_48_Heather_Smith','ab75a00c607be694ba3eb2f0684bedbccf36d0a8aa5288b99ab23922e11b3a2b','Doctor',48,'2025-12-08 12:51:47','2025-12-08 12:51:47'),(62,'doc_170_Heidi_Compton_MD','f8a54e114ca59dd9f2e2a06e22da98ccbfd344b10396ac0863b5653b1851bebf','Doctor',170,'2025-12-08 12:51:47','2025-12-08 12:51:47'),(63,'doc_70_Ian_Benitez','2377a96a2182339f463a555679e06b2dd68a781cb5eefe9afc88cf541423b295','Doctor',70,'2025-12-08 12:51:47','2025-12-08 12:51:47'),(64,'doc_68_Jack_Jackson','64a3d022dbaf7f71c9148c6ce229f263c01d4900869361907d86cdbfd919860a','Doctor',68,'2025-12-08 12:51:47','2025-12-08 12:51:47'),(65,'doc_60_Jacob_Daniel','5ab4204b482796577bce2f5dd283fba73fd24c33ed3208e27a5439185ee99a86','Doctor',60,'2025-12-08 12:51:47','2025-12-08 12:51:47'),(66,'doc_31_Jacob_Huynh','2da26278f4169dd20a1478df83750bfe691c56b6f8227622a0a70bb4a79ae293','Doctor',31,'2025-12-08 12:51:47','2025-12-08 12:51:47'),(67,'doc_78_Jacob_Rich','bb692f060bb4671fd3d02474be5d1aa67e942ea4fdf771353f1d3090eb0b999d','Doctor',78,'2025-12-08 12:51:47','2025-12-08 12:51:47'),(68,'doc_28_James_Ellis','f2f4763f77fb20b8161cb9c83ed4410ba95385b029b45de6fc1107e2cfd157c9','Doctor',28,'2025-12-08 12:51:47','2025-12-08 12:51:47'),(69,'doc_198_James_James_DVM','bfd83645f828b1884e96fc43b0aeb30347c6f197a035211f501bacc66623c020','Doctor',198,'2025-12-08 12:51:47','2025-12-08 12:51:47'),(70,'doc_83_James_Tucker','72bc1a4b6e239cf9f6d8170cff83ad9869853826df5a63f9ea9bd74b23c5ed01','Doctor',83,'2025-12-08 12:51:47','2025-12-08 12:51:47'),(71,'doc_71_Jamie_Baker','0c7f2479dab030d82fa20fa830cbf9598bf5aade87ec6abc3a98fad9e3189279','Doctor',71,'2025-12-08 12:51:47','2025-12-08 12:51:47'),(72,'doc_29_Jared_Bruce_Jr.','7df39c3f6cbe0b652c5a852840c71ac9cdf6c1b83fcb450afd2d996e648774eb','Doctor',29,'2025-12-08 12:51:47','2025-12-08 12:51:47'),(73,'doc_98_Jason_Price','e55791b3afb066a67c35b5d47ad14470f686530db69dec0dddc96af126b21c76','Doctor',98,'2025-12-08 12:51:47','2025-12-08 12:51:47'),(74,'doc_42_Jennifer_Carter','f85f8a36fe86ad1bd3d6d90506bcf1ef5cef1d288c67d33a4924031a0cf61e4c','Doctor',42,'2025-12-08 12:51:47','2025-12-08 12:51:47'),(75,'doc_176_Jennifer_Hall','5d8620cf101b713cb893a0a2370e9f167812deb31b8f0c05984503d306c39c84','Doctor',176,'2025-12-08 12:51:47','2025-12-08 12:51:47'),(76,'doc_65_Jennifer_Larson','3f403a48514aa04290554d0b16518fc5c19f3cc9e0f90873b1adeaf880df719b','Doctor',65,'2025-12-08 12:51:47','2025-12-08 12:51:47'),(77,'doc_193_Jenny_Griffith','9f944de3d014e9bd892af1a581b6484bb16abc123576c037a7f554fc571d4d8d','Doctor',193,'2025-12-08 12:51:47','2025-12-08 12:51:47'),(78,'doc_101_Jeremiah_Wolf','5386fbaa4e3546cb0e49111a9bbb95eb4be705589c868b7d547ffb40b3817359','Doctor',101,'2025-12-08 12:51:47','2025-12-08 12:51:47'),(79,'doc_87_Jermaine_Peters','65032ff90b92b46ada200bfdc6e9aed219a49c812edbd8daee19bee0245b5d67','Doctor',87,'2025-12-08 12:51:47','2025-12-08 12:51:47'),(80,'doc_159_Jesse_Thomas','3585708757821042cfb97754d6de7d23a9669a35fa8374ce6bb8db69c8afbc5b','Doctor',159,'2025-12-08 12:51:47','2025-12-08 12:51:47'),(81,'doc_91_Jessica_Cruz','2c075d4d190aaba46ce71e7749aa3a0f6e6041f177bf688fed445f761a6f359f','Doctor',91,'2025-12-08 12:51:47','2025-12-08 12:51:47'),(82,'doc_11_John_Duncan','afe54e5e78519ea08159fad06783962512eff1f4cd4c6c8e6ac3218d0aaab2fc','Doctor',11,'2025-12-08 12:51:47','2025-12-08 12:51:47'),(83,'doc_200_John_Hansen','7523ad5f167bb666441e85c204e53db02733bbc67ae79c39309fc24f879a5ad3','Doctor',200,'2025-12-08 12:51:47','2025-12-08 12:51:47'),(84,'doc_33_John_Hartman','88bf566005fe7871fd4e5fb9ad7a3a594f229679a53c60968583bbf705da1059','Doctor',33,'2025-12-08 12:51:47','2025-12-08 12:51:47'),(85,'doc_49_John_Smith','3efc35394786f8934f6c52ec0d1d46443825018d571442a71332ad7c1a2828a4','Doctor',49,'2025-12-08 12:51:47','2025-12-08 12:51:47'),(86,'doc_94_John_Summers','7457be7970a77450d780432823aadb1f100418d89cb4cace1031ce8c81dd00e7','Doctor',94,'2025-12-08 12:51:47','2025-12-08 12:51:47'),(87,'doc_69_Jonathan_Drake','f912d9d9e6c2f90d169dcada8b742e560658bdb763255910deb851b80ce1b9c0','Doctor',69,'2025-12-08 12:51:47','2025-12-08 12:51:47'),(88,'doc_114_Jonathan_Watson','a6d1485a6e9d90d4829c896534b8664299567ae2a9020a56576aad4a4e1f2586','Doctor',114,'2025-12-08 12:51:47','2025-12-08 12:51:47'),(89,'doc_153_Joseph_Jones','38e860c9d2f6ea22b2c31907e3483144b7c8550dc913771b13aab42c7b0cb444','Doctor',153,'2025-12-08 12:51:47','2025-12-08 12:51:47'),(90,'doc_84_Juan_Acevedo','8eb94edda89fe7f275187e1e730726e4979f5d185fbd7e692a26b9c6b77204b9','Doctor',84,'2025-12-08 12:51:47','2025-12-08 12:51:47'),(91,'doc_56_Julia_Cox','cc00c84180e63bd422f2e3b1079a92e5a455ff73648339bb957fb74120d6ae18','Doctor',56,'2025-12-08 12:51:47','2025-12-08 12:51:47'),(92,'doc_126_Julia_Yoder','e1b74d4272ed8fb71018472a667f8b6fa30cb00f02d0fb1f58afea6a838dd5e6','Doctor',126,'2025-12-08 12:51:47','2025-12-08 12:51:47'),(93,'doc_85_Julie_Finley','7fc54c135d9871398f3cc1ac2e708282aafc8677aba4a6988b0db6207284521e','Doctor',85,'2025-12-08 12:51:47','2025-12-08 12:51:47'),(94,'doc_77_Julie_Ramirez','5951fa2ef8e522f228672eae68ba16ea2b90c3335f45af19d5be6ac949cda5d1','Doctor',77,'2025-12-08 12:51:47','2025-12-08 12:51:47'),(95,'doc_18_Justin_Kim','1dd12b9dd9b95c8abfd00e81e0a438df05b4d896d76baf4ea65554947ec14c1f','Doctor',18,'2025-12-08 12:51:47','2025-12-08 12:51:47'),(96,'doc_19_Justin_Moore_Jr.','202229d1418960d4ac06e0e791be59d365055cf480fec1e1a8867d3f94d18985','Doctor',19,'2025-12-08 12:51:47','2025-12-08 12:51:47'),(97,'doc_139_Kari_Moore','a2ea63bcf5f8bc5a9e64c50784f5a666755eb16b8df167a230e1eaee2ff0f8b1','Doctor',139,'2025-12-08 12:51:47','2025-12-08 12:51:47'),(98,'doc_156_Katherine_Brown','5ea077d7588a7b6c18c12b724585bc843fd97a580c7817a2c4611eb61d9a0956','Doctor',156,'2025-12-08 12:51:47','2025-12-08 12:51:47'),(99,'doc_5_Kathleen_Hanna','01c19eee4959b535b29cb90e4372a8743cd151ebe53b389799f1c1d56a1b311a','Doctor',5,'2025-12-08 12:51:47','2025-12-08 12:51:47'),(100,'doc_190_Katie_Fitzpatrick','1e94f6499a8ab2014f42e4f6b3f2e98bdbe529dc299c58cab2f079e9620cf286','Doctor',190,'2025-12-08 12:51:47','2025-12-08 12:51:47'),(101,'doc_165_Kayla_Davis','020efc34860ab8c9512bbc95d0106bdd7bccd4b44bbf1b033db75f015521cd7d','Doctor',165,'2025-12-08 12:51:47','2025-12-08 12:51:47'),(102,'doc_55_Kayla_Powers','5bd1db0bb315493ced67b342db4071c9e92737f16adb0a5fd9d979e1b1717ea6','Doctor',55,'2025-12-08 12:51:47','2025-12-08 12:51:47'),(103,'doc_155_Kelly_Murphy','fff81d0c1eea9480d75e65b1aac20642448abcbbdbbf21528bc1d74151eb1807','Doctor',155,'2025-12-08 12:51:47','2025-12-08 12:51:47'),(104,'doc_7_Kelly_Olson','c3e7aaf7193c8a6f7f8faf0d1ef2548034611d73c1bddcc2cce4d4881efecccf','Doctor',7,'2025-12-08 12:51:47','2025-12-08 12:51:47'),(105,'doc_13_Kenneth_Fletcher','75f9d67a3a80a5c78a3ea7419e49875c679707a79067eeda27a34a25a20da1cb','Doctor',13,'2025-12-08 12:51:47','2025-12-08 12:51:47'),(106,'doc_174_Kevin_Brown','c6dd4cee83f7d78412e76d58c0afada106e833954987f651acd4206ddf6553f1','Doctor',174,'2025-12-08 12:51:47','2025-12-08 12:51:47'),(107,'doc_4_Kevin_Wells','649c83db0d4a172177b2ff099e792db81984dee8e5f0e1ead06a7cda9c8a710f','Doctor',4,'2025-12-08 12:51:47','2025-12-08 12:51:47'),(108,'doc_171_Kimberly_Gonzalez','7d40621089839106d2e49b230a8987b1004bba4f01414660c069614bbd3e2113','Doctor',171,'2025-12-08 12:51:47','2025-12-08 12:51:47'),(109,'doc_136_Kimberly_Petersen','02050682506dbd7f7ec62328b97dccba18748b458b2b45c53f1e9e81bb0e14ea','Doctor',136,'2025-12-08 12:51:47','2025-12-08 12:51:47'),(110,'doc_21_Krista_Smith','9618ce04dc73194c0c662ba8ce013e7ce45c2e644aaa4c954aa47b07b6f59cb5','Doctor',21,'2025-12-08 12:51:47','2025-12-08 12:51:47'),(111,'doc_152_Kristie_Morgan','26dc7e0c6225ca05d844f29b7762b70df3ab36261b9cf2dca3a15d62421b92e8','Doctor',152,'2025-12-08 12:51:47','2025-12-08 12:51:47'),(112,'doc_45_Kristin_Martinez','956aae186b79f67d8cec2b349133fe1b191b936accaf4f06977179ceab25f44d','Doctor',45,'2025-12-08 12:51:47','2025-12-08 12:51:47'),(113,'doc_32_Kristina_Frazier','7d5a6c73a659238d48c008b62220c428efe5946071690ba7e1e0bd02bf999a60','Doctor',32,'2025-12-08 12:51:47','2025-12-08 12:51:47'),(114,'doc_112_Krystal_Fox','07081ae6c99f0d2a875270026e779dbdf7ecc2bab49577e18f087820853da8a3','Doctor',112,'2025-12-08 12:51:47','2025-12-08 12:51:47'),(115,'doc_93_Kyle_Patterson','c15c165d0aaa6b261c61b845fbace11619def6ab38676f4ed547741635d38a77','Doctor',93,'2025-12-08 12:51:47','2025-12-08 12:51:47'),(116,'doc_97_Kyle_Smith','80a6a3582953d8426a522e0b50b9642a50d6c2c2a5e085c20c42e7667eaa76f1','Doctor',97,'2025-12-08 12:51:47','2025-12-08 12:51:47'),(117,'doc_37_Laura_Myers','e1fae9f77085960a5638b79d4c0053212525ac35d469be66f3f2708443b39675','Doctor',37,'2025-12-08 12:51:47','2025-12-08 12:51:47'),(118,'doc_88_Lisa_Edwards','a54a22a192224124877525fe1de16a2bee7114b152a10ead5e67e3896523de3e','Doctor',88,'2025-12-08 12:51:47','2025-12-08 12:51:47'),(119,'doc_141_Lonnie_Morgan','b1e2ac72bac79a6d43862ad9f8ea8f88edb7d3d89580480a4bf27252eb524d85','Doctor',141,'2025-12-08 12:51:47','2025-12-08 12:51:47'),(120,'doc_145_Lori_Mendoza','16a9ff4cca6e574bc9f9cb0abb51fd30d3ae10af0abaffad126f38554fae28cb','Doctor',145,'2025-12-08 12:51:47','2025-12-08 12:51:47'),(121,'doc_81_Lori_Sanchez','92c88bc8a2165ed40ba8daff31f5b9dca7ee0d6987dd2f50fd40f14972c007b3','Doctor',81,'2025-12-08 12:51:47','2025-12-08 12:51:47'),(122,'doc_118_Louis_Bell','1ee0f0b065456c7a001cdffd04765dc5abd4f9060890de0f3f51eeb97a2ec291','Doctor',118,'2025-12-08 12:51:47','2025-12-08 12:51:47'),(123,'doc_125_Lucas_Cole','27f5f8f469a5411cee69c9dee637ce34bfc5110d69bf236b383e2a2437e1aa94','Doctor',125,'2025-12-08 12:51:47','2025-12-08 12:51:47'),(124,'doc_35_Lynn_Young','ee02c420081ac6a1341967b3eab06f4cb681a8164184b0e3fae81334167b169b','Doctor',35,'2025-12-08 12:51:47','2025-12-08 12:51:47'),(125,'doc_16_Maria_Dougherty','c4ab801df3e757ed9819e39c18cadbe511dfe84daeb3f9a8e888997245917095','Doctor',16,'2025-12-08 12:51:47','2025-12-08 12:51:47'),(126,'doc_154_Maria_Tran','4c7af3c1dc90e903e7e9d8a1c5772efa9adb68bf11a6bb22326d25e2a99add49','Doctor',154,'2025-12-08 12:51:47','2025-12-08 12:51:47'),(127,'doc_189_Marissa_Stevenson','801882a44b1983cbcb11aaf12858daeee560ab6810de20d8292218b1af5ca7d7','Doctor',189,'2025-12-08 12:51:47','2025-12-08 12:51:47'),(128,'doc_79_Mark_Hartman_Jr.','2398d602c3eab4ae030b9a3d3898804c87b3dbc7ae7e9227ad60319a1a29193a','Doctor',79,'2025-12-08 12:51:47','2025-12-08 12:51:47'),(129,'doc_76_Mark_Padilla','2efe2dfa35b3ad4600fcc1d4d12990e9c576f11e0c597cae14e046baf758526c','Doctor',76,'2025-12-08 12:51:47','2025-12-08 12:51:47'),(130,'doc_185_Martha_Graham','983aea1aa80d495e5f1b8d8795ed5ee94727362b6b586cdc8dc2bfc8e9c33cda','Doctor',185,'2025-12-08 12:51:47','2025-12-08 12:51:47'),(131,'doc_44_Mary_Logan','38ef0835803d3ce7d48988e12d3a77be9e44856121690b08e96457196ea3c26b','Doctor',44,'2025-12-08 12:51:47','2025-12-08 12:51:47'),(132,'doc_52_Mary_Moss','ad39265b0041c0fa5bf174c4188de5654b4f0c00df2bc4d0da122d0197e8c7b5','Doctor',52,'2025-12-08 12:51:47','2025-12-08 12:51:47'),(133,'doc_123_Matthew_Carter','85ab3a656c11d60f4e5246e396674ddf4499ce2f98aeb1fd3514ba4b212159c9','Doctor',123,'2025-12-08 12:51:47','2025-12-08 12:51:47'),(134,'doc_1_Matthew_Smith','96712c42d35fa8a2b18b9d485129a64044c6dbc72315230b3c6bc7a6b421112f','Doctor',1,'2025-12-08 12:51:47','2025-12-08 12:51:47'),(135,'doc_43_Matthew_Thomas','317f1ac3a58b769df3122d3bde6ec6c0e1cf2d3cb90439eed574062fe7134588','Doctor',43,'2025-12-08 12:51:47','2025-12-08 12:51:47'),(136,'doc_89_Matthew_Walker','f6e23bae19699f824c5c3ac278150bac900a9831d46b1ea3f581f55069cd0d19','Doctor',89,'2025-12-08 12:51:47','2025-12-08 12:51:47'),(137,'doc_169_Maureen_Hill','305f7a99d94e557f1414438308f24f7a0fb2d6b5421184f82aca4401dbf77307','Doctor',169,'2025-12-08 12:51:47','2025-12-08 12:51:47'),(138,'doc_63_Megan_Hahn','6e422d62e4ddd55ab395a6eaea82e08601379ae2a97738186f1c7fa6a42eab24','Doctor',63,'2025-12-08 12:51:47','2025-12-08 12:51:47'),(139,'doc_138_Melissa_Fernandez','371f944106cf382f8ac1e9b0a5ffd6dd425144f78a31f952719151fffaad1b35','Doctor',138,'2025-12-08 12:51:47','2025-12-08 12:51:47'),(140,'doc_196_Melissa_Terry','4af43cbeff59136786dc8347d43c0129a5e8e4f63598041dafc71b47d54d914e','Doctor',196,'2025-12-08 12:51:47','2025-12-08 12:51:47'),(141,'doc_178_Michael_Anderson','dce439340a408cab629618ffb013878539cb2ce097cd9a15df7f567f8434b09d','Doctor',178,'2025-12-08 12:51:47','2025-12-08 12:51:47'),(142,'doc_195_Michael_Armstrong','15a2130ee1617d6daa0e780bccfa3c4ab3ad008a720acea7ddce23f96cd89261','Doctor',195,'2025-12-08 12:51:47','2025-12-08 12:51:47'),(143,'doc_119_Michael_Baker','dff29baa2474b4d6374c68229b9e9da21fde77a374d6baad60b665f69f4343f7','Doctor',119,'2025-12-08 12:51:47','2025-12-08 12:51:47'),(144,'doc_148_Michael_Berg','0cb643662efb2684c9b8c258f5ff41bb1bc92eb6f166633cf88df2697296104d','Doctor',148,'2025-12-08 12:51:47','2025-12-08 12:51:47'),(145,'doc_129_Michael_Cole','38a2b2c8b6be36c8211d94abe09546fe9a94a2f200fef093e22ec3524f5cc8c2','Doctor',129,'2025-12-08 12:51:47','2025-12-08 12:51:47'),(146,'doc_130_Michael_Larson','1ac3a4bfbcdfe66b8fc891f74ead66bca1c7b6353cf2ff0f57d055b62f352b83','Doctor',130,'2025-12-08 12:51:47','2025-12-08 12:51:47'),(147,'doc_86_Miguel_Parker','4b4821e55e58a41d75952ef3b6a1bba81b48233b6fa96c83ec9e1bc602d79846','Doctor',86,'2025-12-08 12:51:47','2025-12-08 12:51:47'),(148,'doc_137_Misty_Garcia','d3b5274ff21ca0e169f7b4f2f0f5a7755eadeca8385ddfdeb97d9274a4fc9c40','Doctor',137,'2025-12-08 12:51:47','2025-12-08 12:51:47'),(149,'doc_58_Mrs._Lori_Hurst_PhD','9bfbdcf042c810a06a8570c33b0c0558414bd9fa5875aacd30777bcba4a1f280','Doctor',58,'2025-12-08 12:51:47','2025-12-08 12:51:47'),(150,'doc_179_Natalie_Sellers','284785db6f5d7db6854a7d0e6ceca356a5cff55b22a91bcbaa39c4ace51b7baf','Doctor',179,'2025-12-08 12:51:47','2025-12-08 12:51:47'),(151,'doc_104_Patricia_Colon','3500154448b5f45ac2c0e0b9c7caf886a5f514ec6fa12ea2943b42e2da6eef3b','Doctor',104,'2025-12-08 12:51:47','2025-12-08 12:51:47'),(152,'doc_67_Patricia_Dunn','e3f6d4df9d86a435c6f76678b308cc35a1778d38c426a9cd56e835f4dfb4550a','Doctor',67,'2025-12-08 12:51:47','2025-12-08 12:51:47'),(153,'doc_54_Patrick_Burns','5206a006df77eeb6055b883414272fe7d0f59c9af4151a2f0a81e8f470ac7c76','Doctor',54,'2025-12-08 12:51:47','2025-12-08 12:51:47'),(154,'doc_121_Patrick_Carter','19eea45571e9291e6b237af29355b304fbdf5ca1001370d7a948250c13c81372','Doctor',121,'2025-12-08 12:51:47','2025-12-08 12:51:47'),(155,'doc_180_Patrick_Ochoa','421006da6bc220116a53331bf866f388b31b66028ff94d5b52d84345d5ea95f8','Doctor',180,'2025-12-08 12:51:47','2025-12-08 12:51:47'),(156,'doc_57_Penny_Pruitt','028f9e7a956cd70db60156c39cbfc148cccbaa58ab0a0a92db7fc332dbaf51fe','Doctor',57,'2025-12-08 12:51:47','2025-12-08 12:51:47'),(157,'doc_168_Phillip_Williams','11c7880c827422f4c1fdfb181e4653f58b98b8dbd12ff42951be810c202eabd4','Doctor',168,'2025-12-08 12:51:47','2025-12-08 12:51:47'),(158,'doc_74_Raven_Wong','5ce72cfaa2aea866efa9231b71b50f91c3cb37f21d297a39e94cc4ee38cac73f','Doctor',74,'2025-12-08 12:51:47','2025-12-08 12:51:47'),(159,'doc_172_Rebecca_Morgan','f5795958f245203d9efaeab84800d2e3fc90a58e4210cb61eee508a92ed7655a','Doctor',172,'2025-12-08 12:51:47','2025-12-08 12:51:47'),(160,'doc_92_Robert_Salazar','8ad356ff1ebe0a92000279ce7846e94513d5187bc06a3cbf46f978764c73b5d5','Doctor',92,'2025-12-08 12:51:47','2025-12-08 12:51:47'),(161,'doc_15_Roberta_Stewart','52ca920a9462d6b7fa2368fec319d3e57f40ac65754b1344286d5d5312123a25','Doctor',15,'2025-12-08 12:51:47','2025-12-08 12:51:47'),(162,'doc_102_Roberto_Petersen','8cca66d2dcdcef749830ee8bed23e79ed415c7839e3807d263e407d4a6bc6426','Doctor',102,'2025-12-08 12:51:47','2025-12-08 12:51:47'),(163,'doc_166_Rose_Zuniga','d1a4635bd386cfd4d2e69c3404fd6717eac0bbbc834e36ca79402ca51c3b71c5','Doctor',166,'2025-12-08 12:51:47','2025-12-08 12:51:47'),(164,'doc_146_Ryan_Ross','b518af741e7f98b0bb0f1d8d701b96d5226b235e86277c6d8925874206822671','Doctor',146,'2025-12-08 12:51:47','2025-12-08 12:51:47'),(165,'doc_173_Sabrina_Rogers','052b48b7472b977a73218ac20b0388d8c9503b68747e93cba355ddc925cb71a7','Doctor',173,'2025-12-08 12:51:47','2025-12-08 12:51:47'),(166,'doc_2_Samantha_Davies','02ce742113ccb3a11fc473d0ec7a6663319aabbf231a323423c3daaaabe4db9d','Doctor',2,'2025-12-08 12:51:47','2025-12-08 12:51:47'),(167,'doc_110_Samuel_Robles','c49f86aec947942d02f8d1dff13260a76faccab1a3e0e419baa5ec7202b63bdd','Doctor',110,'2025-12-08 12:51:47','2025-12-08 12:51:47'),(168,'doc_175_Sarah_Cole','4f12540ed02bf5505e086a97dc89c3d3c64757ee56aad1088c7a1ab44d994962','Doctor',175,'2025-12-08 12:51:47','2025-12-08 12:51:47'),(169,'doc_122_Sarah_Shaffer','e6c1ba30cde64380aaccfa91fae167f09393df83aebb1af4d66bffb705221b59','Doctor',122,'2025-12-08 12:51:47','2025-12-08 12:51:47'),(170,'doc_149_Scott_Davis','7867af39b17ae3ecba69f99db4b09ac827c8e13ab7523a0c433a6f8d567169a5','Doctor',149,'2025-12-08 12:51:47','2025-12-08 12:51:47'),(171,'doc_95_Scott_Grant','14fdf75dd88ecf475ab18752c1272aa7ebe6b82f4fe00f265b2e3afcf4f9f476','Doctor',95,'2025-12-08 12:51:47','2025-12-08 12:51:47'),(172,'doc_199_Sean_Smith','1b10d881e7bc61984d12920e0dea990638d7ca6a3cf374336565b898dec3cbc2','Doctor',199,'2025-12-08 12:51:47','2025-12-08 12:51:47'),(173,'doc_163_Shane_Morris','de1fd3cbafd76d3927ffaa41b3954807ad3fcd2d11aff3cec18c99d64b4f37ba','Doctor',163,'2025-12-08 12:51:47','2025-12-08 12:51:47'),(174,'doc_99_Stephanie_Clements','9fcbb069d485476d771df9e76bbc4453a36dc2352a30e5e087e8ce591b60c57c','Doctor',99,'2025-12-08 12:51:47','2025-12-08 12:51:47'),(175,'doc_25_Stephanie_Kramer','82b74d88548a127de73975b9386efca6690b92f9b1928a2b7482b66e2fbe46eb','Doctor',25,'2025-12-08 12:51:47','2025-12-08 12:51:47'),(176,'doc_59_Stephen_Carr','2f9f210b8366d5ad75fee62833d22044b8e4422f68fa866616c4587e77d93bbd','Doctor',59,'2025-12-08 12:51:47','2025-12-08 12:51:47'),(177,'doc_116_Steven_Adams','a9f424e2e7ee19ff5559d37016d7b0f5a7427aa5751cbdc8f509822afbbb75f0','Doctor',116,'2025-12-08 12:51:47','2025-12-08 12:51:47'),(178,'doc_100_Steven_James','b951f82cc6737e1cd2db3e38c6ccdf68241830bcae8a25750d6d964e190f95b9','Doctor',100,'2025-12-08 12:51:47','2025-12-08 12:51:47'),(179,'doc_132_Susan_Gibson','fcc35e360e24fdd0312ab758b4d14bc82286b2721b2d463eb04a208c8d3a0a26','Doctor',132,'2025-12-08 12:51:48','2025-12-08 12:51:48'),(180,'doc_8_Suzanne_Thomas','bc826166abbab70efee6e7abf5deaf898bd99c0b7baaa45f94a22e68cd25c5bd','Doctor',8,'2025-12-08 12:51:48','2025-12-08 12:51:48'),(181,'doc_151_Tara_Moreno','e99de78b08788952f87d73b62ab6b4633a5680fcde511081d9a53c49af96de78','Doctor',151,'2025-12-08 12:51:48','2025-12-08 12:51:48'),(182,'doc_182_Taylor_Baldwin','da4dab38f72577cd1d7f642262c0b407e95875eeac847639a7fe95234c163a6d','Doctor',182,'2025-12-08 12:51:48','2025-12-08 12:51:48'),(183,'doc_6_Taylor_Newton','abd51d45c02ebd534f16c5e2d18ac998f3d0a87108cab9c6facb68db5eb1cde5','Doctor',6,'2025-12-08 12:51:48','2025-12-08 12:51:48'),(184,'doc_201_Teresa_Mccarthy','f062f602c434d735940e9dd1edc46a3a5222ca7fe2066984589549a1a691c3a1','Doctor',201,'2025-12-08 12:51:48','2025-12-08 12:51:48'),(185,'doc_187_Terrance_Rosales','305ef9727dcd3f2315ed1a8adf8a649832eecaab5ea0daa2a675a64b5f56dc3d','Doctor',187,'2025-12-08 12:51:48','2025-12-08 12:51:48'),(186,'doc_14_Theresa_Freeman','175b66514ff21c49b784deda35d1e82d49a7e4f0dde429d48f39aaef2c37807d','Doctor',14,'2025-12-08 12:51:48','2025-12-08 12:51:48'),(187,'doc_197_Thomas_Bruce','a5b82a718bf4635afb8d3c248a3456dbe70f4d72f717c4c1ac301a9ce1322319','Doctor',197,'2025-12-08 12:51:48','2025-12-08 12:51:48'),(188,'doc_3_Tiffany_Mitchell','060af00f4c4954b0f4d56544d96c7050f1ca2c7eabaf848ccb7202dfdfa49f00','Doctor',3,'2025-12-08 12:51:48','2025-12-08 12:51:48'),(189,'doc_80_Timothy_Baker','6d25a6e75667d04ce3efbce3505d1fdea3c68bd63dae0461ab6bca6bdc8988e9','Doctor',80,'2025-12-08 12:51:48','2025-12-08 12:51:48'),(190,'doc_134_Todd_Sanchez','26f0236b4ce7025980e831c62dc2ecaa18ca6713a28999e37202a998adbcd7c7','Doctor',134,'2025-12-08 12:51:48','2025-12-08 12:51:48'),(191,'doc_131_Tracey_Spence','5e0a78ab711e3ce4bc1512fc59a62c1d205d2dc59dddebc3a14e7764328be85c','Doctor',131,'2025-12-08 12:51:48','2025-12-08 12:51:48'),(192,'doc_38_Travis_Parsons','242d6e1321dfbbe5c540fb0ae271a5b5bc3e171b59d93844e1353a3e704f036a','Doctor',38,'2025-12-08 12:51:48','2025-12-08 12:51:48'),(193,'doc_61_Tyler_Braun','c8b5c957b99f94f6d4a65c48a52ed5d1020140ee86af5d7883a686bffedad768','Doctor',61,'2025-12-08 12:51:48','2025-12-08 12:51:48'),(194,'doc_23_Vanessa_Newton','ccabcec321cacd027b28f8e198d61106b2bf786d9f1f39a07b92a90374df09d4','Doctor',23,'2025-12-08 12:51:48','2025-12-08 12:51:48'),(195,'doc_51_Vicki_Nguyen','2fb0c777ba654780da2ce104fea1c55ac31df24bafae3acfb42b0547cb466a2f','Doctor',51,'2025-12-08 12:51:48','2025-12-08 12:51:48'),(196,'doc_142_Victoria_Gonzales','c0a1066a41882f54c643c8c47e542cee688870cceb87be39b3914fb2ad324b11','Doctor',142,'2025-12-08 12:51:48','2025-12-08 12:51:48'),(197,'doc_117_Victoria_Patel','a6e7fc5a2b26420a51c3be3b663792fcde923730003da82f4b0701daa7478eef','Doctor',117,'2025-12-08 12:51:48','2025-12-08 12:51:48'),(198,'doc_106_Wendy_Davis','0a94434832bd2d85ecad820b41bdb668e9d64dd6dec97201b2eeb6db29ad2ad8','Doctor',106,'2025-12-08 12:51:48','2025-12-08 12:51:48'),(199,'doc_27_Wendy_Glenn','2bbc9e8787ad8579b6b482740cb516a2d43e4ddf1b31d89e24dc5f424a7634af','Doctor',27,'2025-12-08 12:51:48','2025-12-08 12:51:48'),(200,'doc_66_William_Hess','5a3ee6e88bd092df582432f4e209e38536f940c52a1ea15a7022b521e757786d','Doctor',66,'2025-12-08 12:51:48','2025-12-08 12:51:48'),(201,'doc_41_William_Reynolds','cee8722410cc27785d85b6481edecd849910191332c7b8dd66e34bd915a340c2','Doctor',41,'2025-12-08 12:51:48','2025-12-08 12:51:48'),(202,'Joy','c8f16ed0c38b8b8f55479e9b9e83d9064f78364132050f4167407c8c8d3a1a85','Receptionist',NULL,'2025-12-08 12:54:34','2025-12-08 12:54:34'),(203,'Jone','8aee5b2437419e57c74bd5a15412c3f349bd39f10a863ee9ea1b80444733fd5f','Receptionist',NULL,'2025-12-08 13:24:30','2025-12-08 13:24:30'),(204,'doc_208_Dr.Daniel','80625627babfeda5377a503ff9a7f6c4f2f6d581ba48f3090bf51dc8c418af69','Doctor',208,'2025-12-08 13:29:23','2025-12-08 13:29:23'),(205,'admin','e86f78a8a3caf0b60d8e74e5942aa6d86dc150cd3c03338aef25b7d2d7e3acc7','Admin',NULL,'2025-12-08 13:37:28','2025-12-08 13:37:28'),(206,'billing_clerk','072de55b66518518036afbeef111ccb3c071c14214931b45266b0bcfdb307165','BillingClerk',NULL,'2025-12-08 13:37:28','2025-12-08 13:37:28'),(207,'lab_tech','1a2c00615a0c25a390884579296bd658c586f463979668a755a914aa38a38638','LabTech',NULL,'2025-12-08 13:37:28','2025-12-08 13:37:28'),(208,'receptionist','238f1cf33d39690fba3c171984fc1120a1181d236723d337e6a2fdc8d92ae88a','Receptionist',NULL,'2025-12-08 13:37:28','2025-12-08 13:37:28');
/*!40000 ALTER TABLE `systemusers` ENABLE KEYS */;

--
-- Table structure for table `testresults`
--

DROP TABLE IF EXISTS `testresults`;
/*!40101 SET @saved_cs_client     = @@character_set_client */;
/*!50503 SET character_set_client = utf8mb4 */;
CREATE TABLE `testresults` (
  `TestResultID` int NOT NULL AUTO_INCREMENT,
  `VisitID` int NOT NULL,
  `TestResult` text,
  PRIMARY KEY (`TestResultID`),
  KEY `VisitID` (`VisitID`),
  CONSTRAINT `testresults_ibfk_1` FOREIGN KEY (`VisitID`) REFERENCES `visits` (`VisitID`)
) ENGINE=InnoDB AUTO_INCREMENT=202 DEFAULT CHARSET=utf8mb4 COLLATE=utf8mb4_0900_ai_ci;
/*!40101 SET character_set_client = @saved_cs_client */;

--
-- Dumping data for table `testresults`
--

/*!40000 ALTER TABLE `testresults` DISABLE KEYS */;
INSERT INTO `testresults` VALUES (1,1,'Normal'),(2,2,'Inconclusive'),(3,3,'Normal'),(4,4,'Abnormal'),(5,5,'Abnormal'),(6,6,'Normal'),(7,7,'Inconclusive'),(8,8,'Inconclusive'),(9,9,'Abnormal'),(10,10,'Inconclusive'),(11,11,'Normal'),(12,12,'Inconclusive'),(13,13,'Abnormal'),(14,14,'Normal'),(15,15,'Normal'),(16,16,'Inconclusive'),(17,17,'Normal'),(18,18,'Abnormal'),(19,19,'Abnormal'),(20,20,'Normal'),(21,21,'Normal'),(22,22,'Normal'),(23,23,'Inconclusive'),(24,24,'Inconclusive'),(25,25,'Inconclusive'),(26,26,'Abnormal'),(27,27,'Normal'),(28,28,'Abnormal'),(29,29,'Normal'),(30,30,'Abnormal'),(31,31,'Inconclusive'),(32,32,'Abnormal'),(33,33,'Normal'),(34,34,'Normal'),(35,35,'Normal'),(36,36,'Abnormal'),(37,37,'Inconclusive'),(38,38,'Normal'),(39,39,'Abnormal'),(40,40,'Abnormal'),(41,41,'Normal'),(42,42,'Normal'),(43,43,'Normal'),(44,44,'Normal'),(45,45,'Abnormal'),(46,46,'Normal'),(47,47,'Normal'),(48,48,'Normal'),(49,49,'Abnormal'),(50,50,'Abnormal'),(51,51,'Inconclusive'),(52,52,'Abnormal'),(53,53,'Inconclusive'),(54,54,'Abnormal'),(55,55,'Inconclusive'),(56,56,'Inconclusive'),(57,57,'Normal'),(58,58,'Inconclusive'),(59,59,'Normal'),(60,60,'Abnormal'),(61,61,'Inconclusive'),(62,62,'Inconclusive'),(63,63,'Normal'),(64,64,'Inconclusive'),(65,65,'Abnormal'),(66,66,'Abnormal'),(67,67,'Abnormal'),(68,68,'Inconclusive'),(69,69,'Normal'),(70,70,'Normal'),(71,71,'Normal'),(72,72,'Inconclusive'),(73,73,'Abnormal'),(74,74,'Abnormal'),(75,75,'Abnormal'),(76,76,'Inconclusive'),(77,77,'Normal'),(78,78,'Inconclusive'),(79,79,'Inconclusive'),(80,80,'Inconclusive'),(81,81,'Abnormal'),(82,82,'Abnormal'),(83,83,'Abnormal'),(84,84,'Inconclusive'),(85,85,'Abnormal'),(86,86,'Normal'),(87,87,'Inconclusive'),(88,88,'Inconclusive'),(89,89,'Abnormal'),(90,90,'Inconclusive'),(91,91,'Abnormal'),(92,92,'Abnormal'),(93,93,'Inconclusive'),(94,94,'Inconclusive'),(95,95,'Inconclusive'),(96,96,'Abnormal'),(97,97,'Abnormal'),(98,98,'Normal'),(99,99,'Normal'),(100,100,'Abnormal'),(101,101,'Normal'),(102,102,'Normal'),(103,103,'Normal'),(104,104,'Inconclusive'),(105,105,'Abnormal'),(106,106,'Abnormal'),(107,107,'Inconclusive'),(108,108,'Abnormal'),(109,109,'Abnormal'),(110,110,'Abnormal'),(111,111,'Normal'),(112,112,'Normal'),(113,113,'Normal'),(114,114,'Inconclusive'),(115,115,'Normal'),(116,116,'Abnormal'),(117,117,'Inconclusive'),(118,118,'Inconclusive'),(119,119,'Abnormal'),(120,120,'Abnormal'),(121,121,'Normal'),(122,122,'Abnormal'),(123,123,'Normal'),(124,124,'Inconclusive'),(125,125,'Inconclusive'),(126,126,'Normal'),(127,127,'Inconclusive'),(128,128,'Abnormal'),(129,129,'Abnormal'),(130,130,'Inconclusive'),(131,131,'Normal'),(132,132,'Normal'),(133,133,'Normal'),(134,134,'Normal'),(135,135,'Normal'),(136,136,'Abnormal'),(137,137,'Abnormal'),(138,138,'Inconclusive'),(139,139,'Abnormal'),(140,140,'Normal'),(141,141,'Inconclusive'),(142,142,'Normal'),(143,143,'Inconclusive'),(144,144,'Normal'),(145,145,'Inconclusive'),(146,146,'Abnormal'),(147,147,'Abnormal'),(148,148,'Inconclusive'),(149,149,'Inconclusive'),(150,150,'Inconclusive'),(151,151,'Inconclusive'),(152,152,'Normal'),(153,153,'Abnormal'),(154,154,'Abnormal'),(155,155,'Abnormal'),(156,156,'Normal'),(157,157,'Abnormal'),(158,158,'Abnormal'),(159,159,'Abnormal'),(160,160,'Normal'),(161,161,'Abnormal'),(162,162,'Normal'),(163,163,'Abnormal'),(164,164,'Inconclusive'),(165,165,'Abnormal'),(166,166,'Abnormal'),(167,167,'Abnormal'),(168,168,'Inconclusive'),(169,169,'Abnormal'),(170,170,'Normal'),(171,171,'Abnormal'),(172,172,'Normal'),(173,173,'Normal'),(174,174,'Normal'),(175,175,'Normal'),(176,176,'Inconclusive'),(177,177,'Normal'),(178,178,'Abnormal'),(179,179,'Abnormal'),(180,180,'Normal'),(181,181,'Inconclusive'),(182,182,'Inconclusive'),(183,183,'Normal'),(184,184,'Inconclusive'),(185,185,'Inconclusive'),(186,186,'Abnormal'),(187,187,'Normal'),(188,188,'Inconclusive'),(189,189,'Abnormal'),(190,190,'Inconclusive'),(191,191,'Inconclusive'),(192,192,'Inconclusive'),(193,193,'Normal'),(194,194,'Abnormal'),(195,195,'Normal'),(196,196,'Inconclusive'),(197,197,'Inconclusive'),(198,198,'Abnormal'),(199,199,'Abnormal'),(200,200,'Abnormal'),(201,201,'Abnormal');
/*!40000 ALTER TABLE `testresults` ENABLE KEYS */;
/*!50003 SET @saved_cs_client      = @@character_set_client */ ;
/*!50003 SET @saved_cs_results     = @@character_set_results */ ;
/*!50003 SET @saved_col_connection = @@collation_connection */ ;
/*!50003 SET character_set_client  = utf8mb4 */ ;
/*!50003 SET character_set_results = utf8mb4 */ ;
/*!50003 SET collation_connection  = utf8mb4_unicode_ci */ ;
/*!50003 SET @saved_sql_mode       = @@sql_mode */ ;
/*!50003 SET sql_mode              = 'IGNORE_SPACE,ONLY_FULL_GROUP_BY,STRICT_TRANS_TABLES,NO_ZERO_IN_DATE,NO_ZERO_DATE,ERROR_FOR_DIVISION_BY_ZERO,NO_ENGINE_SUBSTITUTION' */ ;
DELIMITER ;;
/*!50003 CREATE*/ /*!50017 DEFINER=`root`@`localhost`*/ /*!50003 TRIGGER `after_testresult_update` AFTER UPDATE ON `testresults` FOR EACH ROW BEGIN
    INSERT INTO TestResultsAudit (TestResultID, VisitID, LabTechID, ActionType, OldTestResult, NewTestResult, ActionTime)
    VALUES (OLD.TestResultID, OLD.VisitID,
            (SELECT UserID FROM SystemUsers WHERE Role='LabTech' LIMIT 1),
            'UPDATE', OLD.TestResult, NEW.TestResult, NOW());
END */;;
DELIMITER ;
/*!50003 SET sql_mode              = @saved_sql_mode */ ;
/*!50003 SET character_set_client  = @saved_cs_client */ ;
/*!50003 SET character_set_results = @saved_cs_results */ ;
/*!50003 SET collation_connection  = @saved_col_connection */ ;

--
-- Table structure for table `testresults_backup`
--

DROP TABLE IF EXISTS `testresults_backup`;
/*!40101 SET @saved_cs_client     = @@character_set_client */;
/*!50503 SET character_set_client = utf8mb4 */;
CREATE TABLE `testresults_backup` (
  `TestResultID` int NOT NULL AUTO_INCREMENT,
  `VisitID` int NOT NULL,
  `TestResult` text,
  PRIMARY KEY (`TestResultID`),
  KEY `VisitID` (`VisitID`)
) ENGINE=InnoDB AUTO_INCREMENT=202 DEFAULT CHARSET=utf8mb4 COLLATE=utf8mb4_0900_ai_ci;
/*!40101 SET character_set_client = @saved_cs_client */;

--
-- Dumping data for table `testresults_backup`
--

/*!40000 ALTER TABLE `testresults_backup` DISABLE KEYS */;
INSERT INTO `testresults_backup` VALUES (1,1,'Normal'),(2,2,'Inconclusive'),(3,3,'Normal'),(4,4,'Abnormal'),(5,5,'Abnormal'),(6,6,'Normal'),(7,7,'Inconclusive'),(8,8,'Inconclusive'),(9,9,'Abnormal'),(10,10,'Inconclusive'),(11,11,'Normal'),(12,12,'Inconclusive'),(13,13,'Abnormal'),(14,14,'Normal'),(15,15,'Normal'),(16,16,'Inconclusive'),(17,17,'Normal'),(18,18,'Abnormal'),(19,19,'Abnormal'),(20,20,'Normal'),(21,21,'Normal'),(22,22,'Normal'),(23,23,'Inconclusive'),(24,24,'Inconclusive'),(25,25,'Inconclusive'),(26,26,'Abnormal'),(27,27,'Normal'),(28,28,'Abnormal'),(29,29,'Normal'),(30,30,'Abnormal'),(31,31,'Inconclusive'),(32,32,'Abnormal'),(33,33,'Normal'),(34,34,'Normal'),(35,35,'Normal'),(36,36,'Abnormal'),(37,37,'Inconclusive'),(38,38,'Normal'),(39,39,'Abnormal'),(40,40,'Abnormal'),(41,41,'Normal'),(42,42,'Normal'),(43,43,'Normal'),(44,44,'Normal'),(45,45,'Abnormal'),(46,46,'Normal'),(47,47,'Normal'),(48,48,'Normal'),(49,49,'Abnormal'),(50,50,'Abnormal'),(51,51,'Inconclusive'),(52,52,'Abnormal'),(53,53,'Inconclusive'),(54,54,'Abnormal'),(55,55,'Inconclusive'),(56,56,'Inconclusive'),(57,57,'Normal'),(58,58,'Inconclusive'),(59,59,'Normal'),(60,60,'Abnormal'),(61,61,'Inconclusive'),(62,62,'Inconclusive'),(63,63,'Normal'),(64,64,'Inconclusive'),(65,65,'Abnormal'),(66,66,'Abnormal'),(67,67,'Abnormal'),(68,68,'Inconclusive'),(69,69,'Normal'),(70,70,'Normal'),(71,71,'Normal'),(72,72,'Inconclusive'),(73,73,'Abnormal'),(74,74,'Abnormal'),(75,75,'Abnormal'),(76,76,'Inconclusive'),(77,77,'Normal'),(78,78,'Inconclusive'),(79,79,'Inconclusive'),(80,80,'Inconclusive'),(81,81,'Abnormal'),(82,82,'Abnormal'),(83,83,'Abnormal'),(84,84,'Inconclusive'),(85,85,'Abnormal'),(86,86,'Normal'),(87,87,'Inconclusive'),(88,88,'Inconclusive'),(89,89,'Abnormal'),(90,90,'Inconclusive'),(91,91,'Abnormal'),(92,92,'Abnormal'),(93,93,'Inconclusive'),(94,94,'Inconclusive'),(95,95,'Inconclusive'),(96,96,'Abnormal'),(97,97,'Abnormal'),(98,98,'Normal'),(99,99,'Normal'),(100,100,'Abnormal'),(101,101,'Normal'),(102,102,'Normal'),(103,103,'Normal'),(104,104,'Inconclusive'),(105,105,'Abnormal'),(106,106,'Abnormal'),(107,107,'Inconclusive'),(108,108,'Abnormal'),(109,109,'Abnormal'),(110,110,'Abnormal'),(111,111,'Normal'),(112,112,'Normal'),(113,113,'Normal'),(114,114,'Inconclusive'),(115,115,'Normal'),(116,116,'Abnormal'),(117,117,'Inconclusive'),(118,118,'Inconclusive'),(119,119,'Abnormal'),(120,120,'Abnormal'),(121,121,'Normal'),(122,122,'Abnormal'),(123,123,'Normal'),(124,124,'Inconclusive'),(125,125,'Inconclusive'),(126,126,'Normal'),(127,127,'Inconclusive'),(128,128,'Abnormal'),(129,129,'Abnormal'),(130,130,'Inconclusive'),(131,131,'Normal'),(132,132,'Normal'),(133,133,'Normal'),(134,134,'Normal'),(135,135,'Normal'),(136,136,'Abnormal'),(137,137,'Abnormal'),(138,138,'Inconclusive'),(139,139,'Abnormal'),(140,140,'Normal'),(141,141,'Inconclusive'),(142,142,'Normal'),(143,143,'Inconclusive'),(144,144,'Normal'),(145,145,'Inconclusive'),(146,146,'Abnormal'),(147,147,'Abnormal'),(148,148,'Inconclusive'),(149,149,'Inconclusive'),(150,150,'Inconclusive'),(151,151,'Inconclusive'),(152,152,'Normal'),(153,153,'Abnormal'),(154,154,'Abnormal'),(155,155,'Abnormal'),(156,156,'Normal'),(157,157,'Abnormal'),(158,158,'Abnormal'),(159,159,'Abnormal'),(160,160,'Normal'),(161,161,'Abnormal'),(162,162,'Normal'),(163,163,'Abnormal'),(164,164,'Inconclusive'),(165,165,'Abnormal'),(166,166,'Abnormal'),(167,167,'Abnormal'),(168,168,'Inconclusive'),(169,169,'Abnormal'),(170,170,'Normal'),(171,171,'Abnormal'),(172,172,'Normal'),(173,173,'Normal'),(174,174,'Normal'),(175,175,'Normal'),(176,176,'Inconclusive'),(177,177,'Normal'),(178,178,'Abnormal'),(179,179,'Abnormal'),(180,180,'Normal'),(181,181,'Inconclusive'),(182,182,'Inconclusive'),(183,183,'Normal'),(184,184,'Inconclusive'),(185,185,'Inconclusive'),(186,186,'Abnormal'),(187,187,'Normal'),(188,188,'Inconclusive'),(189,189,'Abnormal'),(190,190,'Inconclusive'),(191,191,'Inconclusive'),(192,192,'Inconclusive'),(193,193,'Normal'),(194,194,'Abnormal'),(195,195,'Normal'),(196,196,'Inconclusive'),(197,197,'Inconclusive'),(198,198,'Abnormal'),(199,199,'Abnormal'),(200,200,'Abnormal'),(201,201,'Abnormal');
/*!40000 ALTER TABLE `testresults_backup` ENABLE KEYS */;

--
-- Table structure for table `testresultsaudit`
--

DROP TABLE IF EXISTS `testresultsaudit`;
/*!40101 SET @saved_cs_client     = @@character_set_client */;
/*!50503 SET character_set_client = utf8mb4 */;
CREATE TABLE `testresultsaudit` (
  `AuditID` int NOT NULL AUTO_INCREMENT,
  `TestResultID` int DEFAULT NULL,
  `VisitID` int DEFAULT NULL,
  `LabTechID` int DEFAULT NULL,
  `ActionType` enum('INSERT','UPDATE') DEFAULT NULL,
  `OldTestResult` text,
  `NewTestResult` text,
  `ActionTime` timestamp NULL DEFAULT CURRENT_TIMESTAMP,
  PRIMARY KEY (`AuditID`)
) ENGINE=InnoDB DEFAULT CHARSET=utf8mb4 COLLATE=utf8mb4_0900_ai_ci;
/*!40101 SET character_set_client = @saved_cs_client */;

--
-- Dumping data for table `testresultsaudit`
--

/*!40000 ALTER TABLE `testresultsaudit` DISABLE KEYS */;
/*!40000 ALTER TABLE `testresultsaudit` ENABLE KEYS */;

--
-- Table structure for table `visits`
--

DROP TABLE IF EXISTS `visits`;
/*!40101 SET @saved_cs_client     = @@character_set_client */;
/*!50503 SET character_set_client = utf8mb4 */;
CREATE TABLE `visits` (
  `VisitID` int NOT NULL AUTO_INCREMENT,
  `PatientID` int NOT NULL,
  `DoctorID` int NOT NULL,
  `HospitalID` int NOT NULL,
  `DateOfAdmission` date NOT NULL,
  `DischargeDate` date DEFAULT NULL,
  `AdmissionType` varchar(50) DEFAULT NULL,
  `RoomNumber` varchar(20) DEFAULT NULL,
  PRIMARY KEY (`VisitID`),
  KEY `PatientID` (`PatientID`),
  KEY `DoctorID` (`DoctorID`),
  KEY `HospitalID` (`HospitalID`),
  CONSTRAINT `visits_ibfk_1` FOREIGN KEY (`PatientID`) REFERENCES `patients` (`PatientID`),
  CONSTRAINT `visits_ibfk_2` FOREIGN KEY (`DoctorID`) REFERENCES `doctors` (`DoctorID`),
  CONSTRAINT `visits_ibfk_3` FOREIGN KEY (`HospitalID`) REFERENCES `hospitals` (`HospitalID`)
) ENGINE=InnoDB AUTO_INCREMENT=202 DEFAULT CHARSET=utf8mb4 COLLATE=utf8mb4_0900_ai_ci;
/*!40101 SET character_set_client = @saved_cs_client */;

--
-- Dumping data for table `visits`
--

/*!40000 ALTER TABLE `visits` DISABLE KEYS */;
INSERT INTO `visits` VALUES (1,1,1,1,'2024-01-31','2024-02-02','Urgent','328'),(2,2,2,2,'2019-08-20','2019-08-26','Emergency','265'),(3,3,3,3,'2022-09-22','2022-10-07','Emergency','205'),(4,4,4,4,'2020-11-18','2020-12-18','Elective','450'),(5,5,5,5,'2022-09-19','2022-10-09','Urgent','458'),(6,6,6,6,'2023-12-20','2023-12-24','Urgent','389'),(7,7,7,7,'2020-11-03','2020-11-15','Emergency','389'),(8,8,8,8,'2021-12-28','2022-01-07','Emergency','277'),(9,9,9,9,'2020-07-01','2020-07-14','Elective','316'),(10,10,10,10,'2021-05-23','2021-06-22','Elective','249'),(11,11,11,11,'2020-04-19','2020-04-22','Urgent','394'),(12,12,12,12,'2023-08-13','2023-09-05','Urgent','288'),(13,13,13,13,'2019-12-12','2019-12-28','Emergency','134'),(14,14,14,14,'2020-05-22','2020-06-19','Urgent','309'),(15,15,15,15,'2021-10-08','2021-10-13','Urgent','182'),(16,16,16,16,'2023-01-01','2023-01-11','Elective','465'),(17,17,17,17,'2020-06-23','2020-07-14','Elective','114'),(18,18,18,18,'2020-03-08','2020-04-02','Urgent','449'),(19,19,19,19,'2021-03-04','2021-03-14','Elective','260'),(20,20,20,20,'2022-11-15','2022-11-22','Elective','465'),(21,21,21,21,'2023-06-28','2023-07-02','Elective','115'),(22,22,22,22,'2020-01-21','2020-02-09','Urgent','295'),(23,23,23,23,'2022-05-12','2022-06-10','Urgent','327'),(24,24,24,24,'2021-08-02','2021-08-12','Urgent','119'),(25,25,25,25,'2020-05-15','2020-06-08','Emergency','109'),(26,26,26,26,'2020-05-15','2020-05-20','Urgent','162'),(27,27,27,27,'2023-12-23','2024-01-19','Elective','401'),(28,28,28,28,'2022-06-21','2022-06-30','Emergency','157'),(29,29,29,29,'2021-01-03','2021-01-16','Emergency','223'),(30,30,30,30,'2023-10-03','2023-10-12','Elective','293'),(31,31,31,31,'2019-08-18','2019-09-01','Urgent','371'),(32,32,32,32,'2019-11-03','2019-11-29','Urgent','108'),(33,33,33,33,'2023-05-18','2023-06-15','Elective','245'),(34,34,34,34,'2023-05-24','2023-06-03','Elective','494'),(35,35,35,35,'2020-01-17','2020-02-10','Emergency','285'),(36,36,36,36,'2021-01-07','2021-01-26','Elective','228'),(37,37,37,37,'2019-10-14','2019-10-19','Urgent','481'),(38,38,38,38,'2021-12-19','2022-01-16','Urgent','212'),(39,39,39,39,'2022-03-12','2022-03-29','Emergency','113'),(40,40,40,40,'2021-01-17','2021-01-29','Urgent','272'),(41,41,41,41,'2021-09-15','2021-10-05','Emergency','478'),(42,42,42,42,'2020-01-27','2020-02-09','Urgent','196'),(43,43,43,43,'2022-06-24','2022-07-18','Elective','418'),(44,44,44,44,'2021-06-09','2021-07-01','Urgent','410'),(45,45,45,45,'2020-08-23','2020-09-08','Urgent','328'),(46,46,46,46,'2022-10-12','2022-11-02','Emergency','300'),(47,47,47,47,'2021-12-01','2021-12-09','Elective','211'),(48,48,48,48,'2020-05-04','2020-05-13','Urgent','413'),(49,49,49,49,'2023-09-09','2023-09-23','Urgent','157'),(50,50,50,50,'2019-07-19','2019-07-29','Urgent','138'),(51,51,51,51,'2024-04-05','2024-04-22','Emergency','456'),(52,52,52,52,'2019-06-15','2019-07-05','Emergency','234'),(53,53,53,53,'2022-10-29','2022-11-20','Urgent','492'),(54,54,54,54,'2022-04-08','2022-04-13','Elective','180'),(55,55,55,55,'2023-08-17','2023-09-11','Elective','250'),(56,56,56,56,'2023-11-05','2023-11-07','Emergency','296'),(57,57,57,57,'2023-04-09','2023-04-21','Emergency','330'),(58,58,58,58,'2022-09-21','2022-09-25','Emergency','405'),(59,59,59,59,'2021-01-21','2021-02-06','Urgent','300'),(60,60,60,60,'2020-07-10','2020-07-20','Elective','306'),(61,61,61,61,'2019-11-06','2019-11-22','Elective','333'),(62,62,62,62,'2024-04-07','2024-05-04','Emergency','244'),(63,63,63,63,'2022-07-06','2022-07-18','Emergency','325'),(64,64,64,64,'2022-08-03','2022-08-10','Elective','113'),(65,65,65,65,'2020-05-08','2020-06-01','Emergency','378'),(66,66,66,66,'2019-12-09','2019-12-21','Urgent','468'),(67,67,67,67,'2019-11-21','2019-12-08','Emergency','368'),(68,68,68,68,'2023-01-07','2023-01-27','Elective','263'),(69,69,69,69,'2024-02-06','2024-02-10','Emergency','489'),(70,70,70,70,'2020-01-30','2020-02-12','Elective','241'),(71,71,71,71,'2022-10-24','2022-11-07','Urgent','231'),(72,72,72,72,'2022-01-09','2022-01-15','Emergency','377'),(73,73,73,73,'2023-12-28','2024-01-02','Emergency','407'),(74,74,74,74,'2021-09-16','2021-10-14','Urgent','263'),(75,75,75,75,'2023-07-24','2023-08-11','Elective','135'),(76,76,76,76,'2021-11-13','2021-12-07','Emergency','131'),(77,77,77,77,'2023-10-11','2023-10-27','Urgent','102'),(78,78,78,78,'2021-01-30','2021-02-04','Emergency','249'),(79,79,79,79,'2021-11-21','2021-12-05','Emergency','255'),(80,80,80,80,'2024-03-02','2024-03-26','Urgent','422'),(81,81,81,81,'2020-12-04','2020-12-08','Emergency','320'),(82,82,82,82,'2020-08-26','2020-08-27','Urgent','134'),(83,83,83,83,'2023-11-12','2023-12-12','Elective','255'),(84,84,84,84,'2020-05-30','2020-06-14','Emergency','410'),(85,85,85,85,'2023-05-12','2023-06-10','Emergency','273'),(86,86,86,86,'2022-07-07','2022-07-23','Emergency','395'),(87,87,87,87,'2020-09-24','2020-10-08','Emergency','152'),(88,88,88,88,'2023-08-19','2023-08-25','Emergency','321'),(89,89,89,89,'2023-05-16','2023-06-01','Elective','428'),(90,90,90,90,'2022-08-22','2022-09-07','Elective','482'),(91,91,91,91,'2022-06-17','2022-06-28','Elective','268'),(92,92,92,92,'2022-11-05','2022-11-25','Emergency','120'),(93,93,93,93,'2021-09-10','2021-09-18','Elective','318'),(94,94,94,94,'2022-09-06','2022-09-27','Urgent','162'),(95,95,95,95,'2021-04-17','2021-05-10','Elective','428'),(96,96,96,96,'2019-08-19','2019-08-26','Elective','144'),(97,97,97,97,'2024-03-24','2024-04-14','Elective','226'),(98,98,98,98,'2022-12-10','2022-12-31','Elective','459'),(99,99,99,99,'2022-09-14','2022-09-18','Elective','208'),(100,100,100,100,'2022-10-18','2022-11-11','Elective','227'),(101,101,101,101,'2021-11-13','2021-11-21','Elective','115'),(102,102,102,102,'2022-07-08','2022-07-25','Emergency','402'),(103,103,103,103,'2023-06-25','2023-07-11','Urgent','442'),(104,104,104,104,'2019-07-09','2019-08-05','Elective','418'),(105,105,105,105,'2021-05-14','2021-06-03','Emergency','425'),(106,106,106,106,'2024-01-15','2024-02-07','Elective','373'),(107,107,107,107,'2019-09-30','2019-10-15','Elective','290'),(108,108,108,108,'2021-03-05','2021-03-20','Emergency','361'),(109,109,109,109,'2021-05-14','2021-06-06','Elective','251'),(110,110,110,110,'2023-06-08','2023-07-05','Elective','231'),(111,111,111,111,'2022-05-13','2022-05-20','Elective','212'),(112,112,112,112,'2022-09-22','2022-10-14','Emergency','440'),(113,113,113,113,'2023-08-25','2023-09-18','Urgent','414'),(114,114,114,114,'2019-06-02','2019-06-04','Emergency','424'),(115,115,115,115,'2021-11-19','2021-12-12','Elective','307'),(116,116,116,116,'2019-12-02','2019-12-13','Elective','476'),(117,117,117,117,'2020-08-21','2020-09-06','Elective','388'),(118,118,118,118,'2021-02-12','2021-03-11','Elective','326'),(119,119,119,119,'2024-01-13','2024-01-22','Urgent','394'),(120,120,120,120,'2021-12-26','2022-01-12','Urgent','138'),(121,121,121,121,'2022-08-22','2022-09-07','Urgent','178'),(122,122,122,122,'2021-07-03','2021-07-31','Elective','177'),(123,123,123,123,'2020-05-31','2020-06-01','Urgent','211'),(124,124,124,124,'2020-10-26','2020-11-17','Elective','302'),(125,125,125,125,'2021-06-03','2021-07-01','Urgent','368'),(126,126,126,126,'2020-10-24','2020-11-13','Urgent','130'),(127,127,127,127,'2019-08-27','2019-09-06','Urgent','424'),(128,128,128,128,'2021-11-30','2021-12-09','Emergency','430'),(129,129,129,129,'2023-10-15','2023-11-08','Emergency','133'),(130,130,130,130,'2024-03-17','2024-03-28','Emergency','430'),(131,131,131,131,'2019-10-13','2019-10-16','Emergency','104'),(132,132,132,132,'2020-03-02','2020-03-07','Elective','408'),(133,133,133,133,'2019-11-05','2019-11-23','Urgent','376'),(134,134,134,134,'2021-02-07','2021-03-05','Emergency','331'),(135,135,135,135,'2021-10-25','2021-11-22','Urgent','275'),(136,136,136,136,'2022-07-24','2022-07-31','Elective','425'),(137,137,137,137,'2020-03-04','2020-03-05','Emergency','480'),(138,138,138,138,'2021-08-01','2021-08-19','Elective','233'),(139,139,139,139,'2020-01-24','2020-02-12','Elective','384'),(140,140,140,140,'2021-07-30','2021-08-13','Elective','380'),(141,141,141,141,'2024-01-04','2024-02-03','Urgent','310'),(142,142,142,142,'2024-01-05','2024-02-04','Elective','406'),(143,143,143,143,'2020-08-11','2020-09-04','Emergency','213'),(144,144,144,144,'2022-06-17','2022-06-24','Elective','130'),(145,145,145,145,'2022-04-02','2022-04-09','Emergency','244'),(146,146,146,146,'2020-06-03','2020-06-22','Elective','233'),(147,147,147,147,'2019-08-16','2019-08-21','Urgent','427'),(148,148,148,148,'2024-02-22','2024-02-24','Urgent','500'),(149,149,149,149,'2021-05-06','2021-05-29','Elective','451'),(150,150,150,150,'2021-10-27','2021-11-04','Elective','485'),(151,151,151,151,'2020-09-01','2020-09-17','Emergency','208'),(152,152,152,152,'2021-05-26','2021-06-22','Urgent','267'),(153,153,153,153,'2022-06-22','2022-07-22','Elective','154'),(154,154,154,154,'2023-05-17','2023-05-31','Elective','293'),(155,155,155,155,'2021-06-23','2021-07-09','Elective','196'),(156,156,156,156,'2023-11-17','2023-11-25','Urgent','466'),(157,157,157,157,'2020-10-11','2020-10-21','Elective','468'),(158,158,158,158,'2021-08-10','2021-08-27','Emergency','114'),(159,159,159,159,'2023-08-29','2023-09-07','Urgent','408'),(160,160,160,160,'2020-02-27','2020-03-26','Elective','453'),(161,161,161,161,'2021-07-07','2021-07-15','Elective','261'),(162,162,162,162,'2022-06-03','2022-06-27','Elective','115'),(163,163,163,163,'2020-02-20','2020-03-01','Emergency','167'),(164,164,164,164,'2021-02-05','2021-03-05','Elective','179'),(165,165,165,165,'2020-10-24','2020-11-02','Emergency','490'),(166,166,166,166,'2023-12-06','2023-12-19','Elective','258'),(167,167,167,167,'2021-12-21','2021-12-30','Urgent','483'),(168,168,168,168,'2023-09-03','2023-09-30','Elective','273'),(169,169,169,169,'2020-10-18','2020-11-10','Elective','120'),(170,170,170,170,'2021-07-07','2021-07-24','Elective','202'),(171,171,171,171,'2023-08-28','2023-09-16','Urgent','198'),(172,172,172,172,'2019-11-17','2019-12-01','Urgent','368'),(173,173,173,173,'2020-11-22','2020-12-17','Elective','113'),(174,174,174,174,'2021-11-13','2021-12-08','Urgent','308'),(175,175,175,175,'2022-02-13','2022-02-20','Elective','278'),(176,176,176,176,'2019-05-16','2019-05-31','Urgent','103'),(177,177,177,177,'2021-08-04','2021-08-26','Urgent','400'),(178,178,178,178,'2020-01-03','2020-01-27','Elective','401'),(179,179,179,179,'2022-09-13','2022-10-07','Urgent','258'),(180,180,180,180,'2020-12-19','2021-01-09','Emergency','268'),(181,181,181,181,'2023-03-31','2023-04-29','Urgent','192'),(182,182,182,182,'2020-05-08','2020-05-28','Emergency','285'),(183,183,183,183,'2023-07-31','2023-08-02','Urgent','302'),(184,184,184,184,'2022-01-09','2022-01-12','Emergency','418'),(185,185,185,185,'2023-12-16','2024-01-15','Elective','128'),(186,186,186,186,'2020-12-05','2020-12-18','Elective','238'),(187,187,187,187,'2021-11-11','2021-12-04','Urgent','136'),(188,188,188,188,'2019-09-11','2019-09-15','Emergency','427'),(189,189,189,189,'2020-12-15','2021-01-01','Urgent','218'),(190,190,190,190,'2022-12-08','2023-01-02','Elective','348'),(191,191,191,191,'2021-07-15','2021-08-05','Elective','486'),(192,192,192,192,'2022-06-16','2022-07-04','Urgent','147'),(193,193,193,193,'2024-02-09','2024-02-19','Urgent','126'),(194,194,194,194,'2024-03-04','2024-03-18','Emergency','314'),(195,195,195,195,'2022-02-11','2022-02-25','Elective','133'),(196,196,196,196,'2022-02-08','2022-02-17','Emergency','271'),(197,197,197,197,'2023-06-15','2023-06-30','Urgent','341'),(198,198,198,198,'2021-10-11','2021-10-24','Urgent','498'),(199,199,199,199,'2021-12-12','2021-12-30','Elective','309'),(200,200,200,200,'2023-07-09','2023-07-15','Emergency','104'),(201,201,201,201,'2020-09-08','2020-10-03','Emergency','308');
/*!40000 ALTER TABLE `visits` ENABLE KEYS */;

--
-- Table structure for table `visits_backup`
--

DROP TABLE IF EXISTS `visits_backup`;
/*!40101 SET @saved_cs_client     = @@character_set_client */;
/*!50503 SET character_set_client = utf8mb4 */;
CREATE TABLE `visits_backup` (
  `VisitID` int NOT NULL AUTO_INCREMENT,
  `PatientID` int NOT NULL,
  `DoctorID` int NOT NULL,
  `HospitalID` int NOT NULL,
  `DateOfAdmission` date NOT NULL,
  `DischargeDate` date DEFAULT NULL,
  `AdmissionType` varchar(50) DEFAULT NULL,
  `RoomNumber` varchar(20) DEFAULT NULL,
  PRIMARY KEY (`VisitID`),
  KEY `PatientID` (`PatientID`),
  KEY `DoctorID` (`DoctorID`),
  KEY `HospitalID` (`HospitalID`)
) ENGINE=InnoDB AUTO_INCREMENT=202 DEFAULT CHARSET=utf8mb4 COLLATE=utf8mb4_0900_ai_ci;
/*!40101 SET character_set_client = @saved_cs_client */;

--
-- Dumping data for table `visits_backup`
--

/*!40000 ALTER TABLE `visits_backup` DISABLE KEYS */;
INSERT INTO `visits_backup` VALUES (1,1,1,1,'2024-01-31','2024-02-02','Urgent','328'),(2,2,2,2,'2019-08-20','2019-08-26','Emergency','265'),(3,3,3,3,'2022-09-22','2022-10-07','Emergency','205'),(4,4,4,4,'2020-11-18','2020-12-18','Elective','450'),(5,5,5,5,'2022-09-19','2022-10-09','Urgent','458'),(6,6,6,6,'2023-12-20','2023-12-24','Urgent','389'),(7,7,7,7,'2020-11-03','2020-11-15','Emergency','389'),(8,8,8,8,'2021-12-28','2022-01-07','Emergency','277'),(9,9,9,9,'2020-07-01','2020-07-14','Elective','316'),(10,10,10,10,'2021-05-23','2021-06-22','Elective','249'),(11,11,11,11,'2020-04-19','2020-04-22','Urgent','394'),(12,12,12,12,'2023-08-13','2023-09-05','Urgent','288'),(13,13,13,13,'2019-12-12','2019-12-28','Emergency','134'),(14,14,14,14,'2020-05-22','2020-06-19','Urgent','309'),(15,15,15,15,'2021-10-08','2021-10-13','Urgent','182'),(16,16,16,16,'2023-01-01','2023-01-11','Elective','465'),(17,17,17,17,'2020-06-23','2020-07-14','Elective','114'),(18,18,18,18,'2020-03-08','2020-04-02','Urgent','449'),(19,19,19,19,'2021-03-04','2021-03-14','Elective','260'),(20,20,20,20,'2022-11-15','2022-11-22','Elective','465'),(21,21,21,21,'2023-06-28','2023-07-02','Elective','115'),(22,22,22,22,'2020-01-21','2020-02-09','Urgent','295'),(23,23,23,23,'2022-05-12','2022-06-10','Urgent','327'),(24,24,24,24,'2021-08-02','2021-08-12','Urgent','119'),(25,25,25,25,'2020-05-15','2020-06-08','Emergency','109'),(26,26,26,26,'2020-05-15','2020-05-20','Urgent','162'),(27,27,27,27,'2023-12-23','2024-01-19','Elective','401'),(28,28,28,28,'2022-06-21','2022-06-30','Emergency','157'),(29,29,29,29,'2021-01-03','2021-01-16','Emergency','223'),(30,30,30,30,'2023-10-03','2023-10-12','Elective','293'),(31,31,31,31,'2019-08-18','2019-09-01','Urgent','371'),(32,32,32,32,'2019-11-03','2019-11-29','Urgent','108'),(33,33,33,33,'2023-05-18','2023-06-15','Elective','245'),(34,34,34,34,'2023-05-24','2023-06-03','Elective','494'),(35,35,35,35,'2020-01-17','2020-02-10','Emergency','285'),(36,36,36,36,'2021-01-07','2021-01-26','Elective','228'),(37,37,37,37,'2019-10-14','2019-10-19','Urgent','481'),(38,38,38,38,'2021-12-19','2022-01-16','Urgent','212'),(39,39,39,39,'2022-03-12','2022-03-29','Emergency','113'),(40,40,40,40,'2021-01-17','2021-01-29','Urgent','272'),(41,41,41,41,'2021-09-15','2021-10-05','Emergency','478'),(42,42,42,42,'2020-01-27','2020-02-09','Urgent','196'),(43,43,43,43,'2022-06-24','2022-07-18','Elective','418'),(44,44,44,44,'2021-06-09','2021-07-01','Urgent','410'),(45,45,45,45,'2020-08-23','2020-09-08','Urgent','328'),(46,46,46,46,'2022-10-12','2022-11-02','Emergency','300'),(47,47,47,47,'2021-12-01','2021-12-09','Elective','211'),(48,48,48,48,'2020-05-04','2020-05-13','Urgent','413'),(49,49,49,49,'2023-09-09','2023-09-23','Urgent','157'),(50,50,50,50,'2019-07-19','2019-07-29','Urgent','138'),(51,51,51,51,'2024-04-05','2024-04-22','Emergency','456'),(52,52,52,52,'2019-06-15','2019-07-05','Emergency','234'),(53,53,53,53,'2022-10-29','2022-11-20','Urgent','492'),(54,54,54,54,'2022-04-08','2022-04-13','Elective','180'),(55,55,55,55,'2023-08-17','2023-09-11','Elective','250'),(56,56,56,56,'2023-11-05','2023-11-07','Emergency','296'),(57,57,57,57,'2023-04-09','2023-04-21','Emergency','330'),(58,58,58,58,'2022-09-21','2022-09-25','Emergency','405'),(59,59,59,59,'2021-01-21','2021-02-06','Urgent','300'),(60,60,60,60,'2020-07-10','2020-07-20','Elective','306'),(61,61,61,61,'2019-11-06','2019-11-22','Elective','333'),(62,62,62,62,'2024-04-07','2024-05-04','Emergency','244'),(63,63,63,63,'2022-07-06','2022-07-18','Emergency','325'),(64,64,64,64,'2022-08-03','2022-08-10','Elective','113'),(65,65,65,65,'2020-05-08','2020-06-01','Emergency','378'),(66,66,66,66,'2019-12-09','2019-12-21','Urgent','468'),(67,67,67,67,'2019-11-21','2019-12-08','Emergency','368'),(68,68,68,68,'2023-01-07','2023-01-27','Elective','263'),(69,69,69,69,'2024-02-06','2024-02-10','Emergency','489'),(70,70,70,70,'2020-01-30','2020-02-12','Elective','241'),(71,71,71,71,'2022-10-24','2022-11-07','Urgent','231'),(72,72,72,72,'2022-01-09','2022-01-15','Emergency','377'),(73,73,73,73,'2023-12-28','2024-01-02','Emergency','407'),(74,74,74,74,'2021-09-16','2021-10-14','Urgent','263'),(75,75,75,75,'2023-07-24','2023-08-11','Elective','135'),(76,76,76,76,'2021-11-13','2021-12-07','Emergency','131'),(77,77,77,77,'2023-10-11','2023-10-27','Urgent','102'),(78,78,78,78,'2021-01-30','2021-02-04','Emergency','249'),(79,79,79,79,'2021-11-21','2021-12-05','Emergency','255'),(80,80,80,80,'2024-03-02','2024-03-26','Urgent','422'),(81,81,81,81,'2020-12-04','2020-12-08','Emergency','320'),(82,82,82,82,'2020-08-26','2020-08-27','Urgent','134'),(83,83,83,83,'2023-11-12','2023-12-12','Elective','255'),(84,84,84,84,'2020-05-30','2020-06-14','Emergency','410'),(85,85,85,85,'2023-05-12','2023-06-10','Emergency','273'),(86,86,86,86,'2022-07-07','2022-07-23','Emergency','395'),(87,87,87,87,'2020-09-24','2020-10-08','Emergency','152'),(88,88,88,88,'2023-08-19','2023-08-25','Emergency','321'),(89,89,89,89,'2023-05-16','2023-06-01','Elective','428'),(90,90,90,90,'2022-08-22','2022-09-07','Elective','482'),(91,91,91,91,'2022-06-17','2022-06-28','Elective','268'),(92,92,92,92,'2022-11-05','2022-11-25','Emergency','120'),(93,93,93,93,'2021-09-10','2021-09-18','Elective','318'),(94,94,94,94,'2022-09-06','2022-09-27','Urgent','162'),(95,95,95,95,'2021-04-17','2021-05-10','Elective','428'),(96,96,96,96,'2019-08-19','2019-08-26','Elective','144'),(97,97,97,97,'2024-03-24','2024-04-14','Elective','226'),(98,98,98,98,'2022-12-10','2022-12-31','Elective','459'),(99,99,99,99,'2022-09-14','2022-09-18','Elective','208'),(100,100,100,100,'2022-10-18','2022-11-11','Elective','227'),(101,101,101,101,'2021-11-13','2021-11-21','Elective','115'),(102,102,102,102,'2022-07-08','2022-07-25','Emergency','402'),(103,103,103,103,'2023-06-25','2023-07-11','Urgent','442'),(104,104,104,104,'2019-07-09','2019-08-05','Elective','418'),(105,105,105,105,'2021-05-14','2021-06-03','Emergency','425'),(106,106,106,106,'2024-01-15','2024-02-07','Elective','373'),(107,107,107,107,'2019-09-30','2019-10-15','Elective','290'),(108,108,108,108,'2021-03-05','2021-03-20','Emergency','361'),(109,109,109,109,'2021-05-14','2021-06-06','Elective','251'),(110,110,110,110,'2023-06-08','2023-07-05','Elective','231'),(111,111,111,111,'2022-05-13','2022-05-20','Elective','212'),(112,112,112,112,'2022-09-22','2022-10-14','Emergency','440'),(113,113,113,113,'2023-08-25','2023-09-18','Urgent','414'),(114,114,114,114,'2019-06-02','2019-06-04','Emergency','424'),(115,115,115,115,'2021-11-19','2021-12-12','Elective','307'),(116,116,116,116,'2019-12-02','2019-12-13','Elective','476'),(117,117,117,117,'2020-08-21','2020-09-06','Elective','388'),(118,118,118,118,'2021-02-12','2021-03-11','Elective','326'),(119,119,119,119,'2024-01-13','2024-01-22','Urgent','394'),(120,120,120,120,'2021-12-26','2022-01-12','Urgent','138'),(121,121,121,121,'2022-08-22','2022-09-07','Urgent','178'),(122,122,122,122,'2021-07-03','2021-07-31','Elective','177'),(123,123,123,123,'2020-05-31','2020-06-01','Urgent','211'),(124,124,124,124,'2020-10-26','2020-11-17','Elective','302'),(125,125,125,125,'2021-06-03','2021-07-01','Urgent','368'),(126,126,126,126,'2020-10-24','2020-11-13','Urgent','130'),(127,127,127,127,'2019-08-27','2019-09-06','Urgent','424'),(128,128,128,128,'2021-11-30','2021-12-09','Emergency','430'),(129,129,129,129,'2023-10-15','2023-11-08','Emergency','133'),(130,130,130,130,'2024-03-17','2024-03-28','Emergency','430'),(131,131,131,131,'2019-10-13','2019-10-16','Emergency','104'),(132,132,132,132,'2020-03-02','2020-03-07','Elective','408'),(133,133,133,133,'2019-11-05','2019-11-23','Urgent','376'),(134,134,134,134,'2021-02-07','2021-03-05','Emergency','331'),(135,135,135,135,'2021-10-25','2021-11-22','Urgent','275'),(136,136,136,136,'2022-07-24','2022-07-31','Elective','425'),(137,137,137,137,'2020-03-04','2020-03-05','Emergency','480'),(138,138,138,138,'2021-08-01','2021-08-19','Elective','233'),(139,139,139,139,'2020-01-24','2020-02-12','Elective','384'),(140,140,140,140,'2021-07-30','2021-08-13','Elective','380'),(141,141,141,141,'2024-01-04','2024-02-03','Urgent','310'),(142,142,142,142,'2024-01-05','2024-02-04','Elective','406'),(143,143,143,143,'2020-08-11','2020-09-04','Emergency','213'),(144,144,144,144,'2022-06-17','2022-06-24','Elective','130'),(145,145,145,145,'2022-04-02','2022-04-09','Emergency','244'),(146,146,146,146,'2020-06-03','2020-06-22','Elective','233'),(147,147,147,147,'2019-08-16','2019-08-21','Urgent','427'),(148,148,148,148,'2024-02-22','2024-02-24','Urgent','500'),(149,149,149,149,'2021-05-06','2021-05-29','Elective','451'),(150,150,150,150,'2021-10-27','2021-11-04','Elective','485'),(151,151,151,151,'2020-09-01','2020-09-17','Emergency','208'),(152,152,152,152,'2021-05-26','2021-06-22','Urgent','267'),(153,153,153,153,'2022-06-22','2022-07-22','Elective','154'),(154,154,154,154,'2023-05-17','2023-05-31','Elective','293'),(155,155,155,155,'2021-06-23','2021-07-09','Elective','196'),(156,156,156,156,'2023-11-17','2023-11-25','Urgent','466'),(157,157,157,157,'2020-10-11','2020-10-21','Elective','468'),(158,158,158,158,'2021-08-10','2021-08-27','Emergency','114'),(159,159,159,159,'2023-08-29','2023-09-07','Urgent','408'),(160,160,160,160,'2020-02-27','2020-03-26','Elective','453'),(161,161,161,161,'2021-07-07','2021-07-15','Elective','261'),(162,162,162,162,'2022-06-03','2022-06-27','Elective','115'),(163,163,163,163,'2020-02-20','2020-03-01','Emergency','167'),(164,164,164,164,'2021-02-05','2021-03-05','Elective','179'),(165,165,165,165,'2020-10-24','2020-11-02','Emergency','490'),(166,166,166,166,'2023-12-06','2023-12-19','Elective','258'),(167,167,167,167,'2021-12-21','2021-12-30','Urgent','483'),(168,168,168,168,'2023-09-03','2023-09-30','Elective','273'),(169,169,169,169,'2020-10-18','2020-11-10','Elective','120'),(170,170,170,170,'2021-07-07','2021-07-24','Elective','202'),(171,171,171,171,'2023-08-28','2023-09-16','Urgent','198'),(172,172,172,172,'2019-11-17','2019-12-01','Urgent','368'),(173,173,173,173,'2020-11-22','2020-12-17','Elective','113'),(174,174,174,174,'2021-11-13','2021-12-08','Urgent','308'),(175,175,175,175,'2022-02-13','2022-02-20','Elective','278'),(176,176,176,176,'2019-05-16','2019-05-31','Urgent','103'),(177,177,177,177,'2021-08-04','2021-08-26','Urgent','400'),(178,178,178,178,'2020-01-03','2020-01-27','Elective','401'),(179,179,179,179,'2022-09-13','2022-10-07','Urgent','258'),(180,180,180,180,'2020-12-19','2021-01-09','Emergency','268'),(181,181,181,181,'2023-03-31','2023-04-29','Urgent','192'),(182,182,182,182,'2020-05-08','2020-05-28','Emergency','285'),(183,183,183,183,'2023-07-31','2023-08-02','Urgent','302'),(184,184,184,184,'2022-01-09','2022-01-12','Emergency','418'),(185,185,185,185,'2023-12-16','2024-01-15','Elective','128'),(186,186,186,186,'2020-12-05','2020-12-18','Elective','238'),(187,187,187,187,'2021-11-11','2021-12-04','Urgent','136'),(188,188,188,188,'2019-09-11','2019-09-15','Emergency','427'),(189,189,189,189,'2020-12-15','2021-01-01','Urgent','218'),(190,190,190,190,'2022-12-08','2023-01-02','Elective','348'),(191,191,191,191,'2021-07-15','2021-08-05','Elective','486'),(192,192,192,192,'2022-06-16','2022-07-04','Urgent','147'),(193,193,193,193,'2024-02-09','2024-02-19','Urgent','126'),(194,194,194,194,'2024-03-04','2024-03-18','Emergency','314'),(195,195,195,195,'2022-02-11','2022-02-25','Elective','133'),(196,196,196,196,'2022-02-08','2022-02-17','Emergency','271'),(197,197,197,197,'2023-06-15','2023-06-30','Urgent','341'),(198,198,198,198,'2021-10-11','2021-10-24','Urgent','498'),(199,199,199,199,'2021-12-12','2021-12-30','Elective','309'),(200,200,200,200,'2023-07-09','2023-07-15','Emergency','104'),(201,201,201,201,'2020-09-08','2020-10-03','Emergency','308');
/*!40000 ALTER TABLE `visits_backup` ENABLE KEYS */;

--
-- Dumping routines for database 'hospital_system'
--
/*!50003 DROP PROCEDURE IF EXISTS `AssignAllDoctorPrivileges` */;
/*!50003 SET @saved_cs_client      = @@character_set_client */ ;
/*!50003 SET @saved_cs_results     = @@character_set_results */ ;
/*!50003 SET @saved_col_connection = @@collation_connection */ ;
/*!50003 SET character_set_client  = utf8mb4 */ ;
/*!50003 SET character_set_results = utf8mb4 */ ;
/*!50003 SET collation_connection  = utf8mb4_unicode_ci */ ;
/*!50003 SET @saved_sql_mode       = @@sql_mode */ ;
/*!50003 SET sql_mode              = 'IGNORE_SPACE,ONLY_FULL_GROUP_BY,STRICT_TRANS_TABLES,NO_ZERO_IN_DATE,NO_ZERO_DATE,ERROR_FOR_DIVISION_BY_ZERO,NO_ENGINE_SUBSTITUTION' */ ;
DELIMITER ;;
CREATE DEFINER=`root`@`localhost` PROCEDURE `AssignAllDoctorPrivileges`()
BEGIN
    DECLARE done INT DEFAULT 0;
    DECLARE dName VARCHAR(200);
    DECLARE cur CURSOR FOR SELECT CONCAT('doc_', DoctorID, '_', REPLACE(DoctorName,' ','_')) FROM Doctors;
    DECLARE CONTINUE HANDLER FOR NOT FOUND SET done = 1;

    OPEN cur;
    doctor_loop: LOOP
        FETCH cur INTO dName;
        IF done THEN
            LEAVE doctor_loop;
        END IF;
        CALL SetUserRoleAccess(dName,'admin');
    END LOOP;
    CLOSE cur;
END ;;
DELIMITER ;
/*!50003 SET sql_mode              = @saved_sql_mode */ ;
/*!50003 SET character_set_client  = @saved_cs_client */ ;
/*!50003 SET character_set_results = @saved_cs_results */ ;
/*!50003 SET collation_connection  = @saved_col_connection */ ;
/*!50003 DROP PROCEDURE IF EXISTS `BackupHospitalData` */;
/*!50003 SET @saved_cs_client      = @@character_set_client */ ;
/*!50003 SET @saved_cs_results     = @@character_set_results */ ;
/*!50003 SET @saved_col_connection = @@collation_connection */ ;
/*!50003 SET character_set_client  = utf8mb4 */ ;
/*!50003 SET character_set_results = utf8mb4 */ ;
/*!50003 SET collation_connection  = utf8mb4_unicode_ci */ ;
/*!50003 SET @saved_sql_mode       = @@sql_mode */ ;
/*!50003 SET sql_mode              = 'IGNORE_SPACE,ONLY_FULL_GROUP_BY,STRICT_TRANS_TABLES,NO_ZERO_IN_DATE,NO_ZERO_DATE,ERROR_FOR_DIVISION_BY_ZERO,NO_ENGINE_SUBSTITUTION' */ ;
DELIMITER ;;
CREATE DEFINER=`root`@`localhost` PROCEDURE `BackupHospitalData`()
BEGIN
    -- Clear old backup
    TRUNCATE TABLE Patient_Backup;
    TRUNCATE TABLE Visits_Backup;
    TRUNCATE TABLE Medications_Backup;
    TRUNCATE TABLE Billing_Backup;
    TRUNCATE TABLE TestResults_Backup;
    TRUNCATE TABLE Doctors_Backup;
    TRUNCATE TABLE MedicalConditions_Backup;

    -- Insert new data
    INSERT INTO Patient_Backup SELECT * FROM Patients;
    INSERT INTO Visits_Backup SELECT * FROM Visits;
    INSERT INTO Medications_Backup SELECT * FROM Medications;
    INSERT INTO Billing_Backup SELECT * FROM Billing;
    INSERT INTO TestResults_Backup SELECT * FROM TestResults;
    INSERT INTO Doctors_Backup SELECT * FROM Doctors;
    INSERT INTO MedicalConditions_Backup SELECT * FROM MedicalConditions;

    SELECT 'Backup completed successfully' AS status;
END ;;
DELIMITER ;
/*!50003 SET sql_mode              = @saved_sql_mode */ ;
/*!50003 SET character_set_client  = @saved_cs_client */ ;
/*!50003 SET character_set_results = @saved_cs_results */ ;
/*!50003 SET collation_connection  = @saved_col_connection */ ;
/*!50003 DROP PROCEDURE IF EXISTS `CreateDoctorMySQLUsers` */;
/*!50003 SET @saved_cs_client      = @@character_set_client */ ;
/*!50003 SET @saved_cs_results     = @@character_set_results */ ;
/*!50003 SET @saved_col_connection = @@collation_connection */ ;
/*!50003 SET character_set_client  = utf8mb4 */ ;
/*!50003 SET character_set_results = utf8mb4 */ ;
/*!50003 SET collation_connection  = utf8mb4_unicode_ci */ ;
/*!50003 SET @saved_sql_mode       = @@sql_mode */ ;
/*!50003 SET sql_mode              = 'IGNORE_SPACE,ONLY_FULL_GROUP_BY,STRICT_TRANS_TABLES,NO_ZERO_IN_DATE,NO_ZERO_DATE,ERROR_FOR_DIVISION_BY_ZERO,NO_ENGINE_SUBSTITUTION' */ ;
DELIMITER ;;
CREATE DEFINER=`root`@`localhost` PROCEDURE `CreateDoctorMySQLUsers`()
BEGIN
    DECLARE done INT DEFAULT 0;
    DECLARE dID INT;
    DECLARE dName VARCHAR(200);
    DECLARE cur CURSOR FOR SELECT DoctorID, DoctorName FROM Doctors;
    DECLARE CONTINUE HANDLER FOR NOT FOUND SET done = 1;

    OPEN cur;

    doctor_loop: LOOP
        FETCH cur INTO dID, dName;
        IF done THEN
            LEAVE doctor_loop;
        END IF;

        SET @username := CONCAT('doc_', dID, '_', REPLACE(dName,' ','_'));
        SET @password := CONCAT('Doc', dID, '@123');

        -- Create MySQL user if not exists
        SET @sql := CONCAT('CREATE USER IF NOT EXISTS \'', @username, '\'@\'localhost\' IDENTIFIED BY \'', @password, '\';');
        PREPARE stmt FROM @sql;
        EXECUTE stmt;
        DEALLOCATE PREPARE stmt;

    END LOOP;

    CLOSE cur;
END ;;
DELIMITER ;
/*!50003 SET sql_mode              = @saved_sql_mode */ ;
/*!50003 SET character_set_client  = @saved_cs_client */ ;
/*!50003 SET character_set_results = @saved_cs_results */ ;
/*!50003 SET collation_connection  = @saved_col_connection */ ;
/*!50003 DROP PROCEDURE IF EXISTS `GrantPrivilegesToNewSystemUsers` */;
/*!50003 SET @saved_cs_client      = @@character_set_client */ ;
/*!50003 SET @saved_cs_results     = @@character_set_results */ ;
/*!50003 SET @saved_col_connection = @@collation_connection */ ;
/*!50003 SET character_set_client  = utf8mb4 */ ;
/*!50003 SET character_set_results = utf8mb4 */ ;
/*!50003 SET collation_connection  = utf8mb4_unicode_ci */ ;
/*!50003 SET @saved_sql_mode       = @@sql_mode */ ;
/*!50003 SET sql_mode              = 'IGNORE_SPACE,ONLY_FULL_GROUP_BY,STRICT_TRANS_TABLES,NO_ZERO_IN_DATE,NO_ZERO_DATE,ERROR_FOR_DIVISION_BY_ZERO,NO_ENGINE_SUBSTITUTION' */ ;
DELIMITER ;;
CREATE DEFINER=`root`@`localhost` PROCEDURE `GrantPrivilegesToNewSystemUsers`()
BEGIN
    DECLARE done INT DEFAULT 0;
    DECLARE uname VARCHAR(100);
    DECLARE role VARCHAR(50);
    DECLARE hostPart VARCHAR(50) DEFAULT 'localhost';
    
    DECLARE cur CURSOR FOR
        SELECT Username, Role
        FROM SystemUsers;   -- process ALL system users

    DECLARE CONTINUE HANDLER FOR NOT FOUND SET done = 1;

    OPEN cur;

    read_loop: LOOP
        FETCH cur INTO uname, role;
        IF done THEN
            LEAVE read_loop;
        END IF;

        -- 1. Create MySQL user if not exists
        SET @sql := CONCAT('CREATE USER IF NOT EXISTS ''', uname, '''@''', hostPart, ''' IDENTIFIED BY ''Temp@123'';');
        PREPARE stmt FROM @sql; EXECUTE stmt; DEALLOCATE PREPARE stmt;

        -- 2. ALWAYS assign privileges
        CALL SetUserRoleAccess(uname, 'admin');

    END LOOP;

    CLOSE cur;
END ;;
DELIMITER ;
/*!50003 SET sql_mode              = @saved_sql_mode */ ;
/*!50003 SET character_set_client  = @saved_cs_client */ ;
/*!50003 SET character_set_results = @saved_cs_results */ ;
/*!50003 SET collation_connection  = @saved_col_connection */ ;
/*!50003 DROP PROCEDURE IF EXISTS `InsertMedication` */;
/*!50003 SET @saved_cs_client      = @@character_set_client */ ;
/*!50003 SET @saved_cs_results     = @@character_set_results */ ;
/*!50003 SET @saved_col_connection = @@collation_connection */ ;
/*!50003 SET character_set_client  = utf8mb4 */ ;
/*!50003 SET character_set_results = utf8mb4 */ ;
/*!50003 SET collation_connection  = utf8mb4_unicode_ci */ ;
/*!50003 SET @saved_sql_mode       = @@sql_mode */ ;
/*!50003 SET sql_mode              = 'IGNORE_SPACE,ONLY_FULL_GROUP_BY,STRICT_TRANS_TABLES,NO_ZERO_IN_DATE,NO_ZERO_DATE,ERROR_FOR_DIVISION_BY_ZERO,NO_ENGINE_SUBSTITUTION' */ ;
DELIMITER ;;
CREATE DEFINER=`root`@`localhost` PROCEDURE `InsertMedication`(
    IN p_VisitID INT,
    IN p_DoctorID INT,
    IN p_MedicationName VARCHAR(200)
)
BEGIN
    INSERT INTO Medications (VisitID, DoctorID, MedicationName)
    VALUES (p_VisitID, p_DoctorID, p_MedicationName);
END ;;
DELIMITER ;
/*!50003 SET sql_mode              = @saved_sql_mode */ ;
/*!50003 SET character_set_client  = @saved_cs_client */ ;
/*!50003 SET character_set_results = @saved_cs_results */ ;
/*!50003 SET collation_connection  = @saved_col_connection */ ;
/*!50003 DROP PROCEDURE IF EXISTS `InsertPatientVisit` */;
/*!50003 SET @saved_cs_client      = @@character_set_client */ ;
/*!50003 SET @saved_cs_results     = @@character_set_results */ ;
/*!50003 SET @saved_col_connection = @@collation_connection */ ;
/*!50003 SET character_set_client  = utf8mb4 */ ;
/*!50003 SET character_set_results = utf8mb4 */ ;
/*!50003 SET collation_connection  = utf8mb4_unicode_ci */ ;
/*!50003 SET @saved_sql_mode       = @@sql_mode */ ;
/*!50003 SET sql_mode              = 'IGNORE_SPACE,ONLY_FULL_GROUP_BY,STRICT_TRANS_TABLES,NO_ZERO_IN_DATE,NO_ZERO_DATE,ERROR_FOR_DIVISION_BY_ZERO,NO_ENGINE_SUBSTITUTION' */ ;
DELIMITER ;;
CREATE DEFINER=`root`@`localhost` PROCEDURE `InsertPatientVisit`(
    IN p_ReceptionistID INT,
    IN p_HospitalID INT,
    IN p_DoctorID INT,      -- NEW
    IN p_PatientName VARCHAR(200),
    IN p_Age INT,
    IN p_Gender VARCHAR(20),
    IN p_AdmissionType VARCHAR(50),
    IN p_RoomNumber VARCHAR(20)
)
BEGIN
    DECLARE newPatientID INT;
    DECLARE newVisitID INT;

    INSERT INTO Patients (Name, Age, Gender)
    VALUES (p_PatientName, p_Age, p_Gender);

    SET newPatientID = LAST_INSERT_ID();

    INSERT INTO Visits (PatientID, DoctorID, HospitalID, DateOfAdmission, AdmissionType, RoomNumber)
    VALUES (newPatientID, p_DoctorID, p_HospitalID, NOW(), p_AdmissionType, p_RoomNumber);

    SET newVisitID = LAST_INSERT_ID();
END ;;
DELIMITER ;
/*!50003 SET sql_mode              = @saved_sql_mode */ ;
/*!50003 SET character_set_client  = @saved_cs_client */ ;
/*!50003 SET character_set_results = @saved_cs_results */ ;
/*!50003 SET collation_connection  = @saved_col_connection */ ;
/*!50003 DROP PROCEDURE IF EXISTS `RestoreHospitalData` */;
/*!50003 SET @saved_cs_client      = @@character_set_client */ ;
/*!50003 SET @saved_cs_results     = @@character_set_results */ ;
/*!50003 SET @saved_col_connection = @@collation_connection */ ;
/*!50003 SET character_set_client  = utf8mb4 */ ;
/*!50003 SET character_set_results = utf8mb4 */ ;
/*!50003 SET collation_connection  = utf8mb4_unicode_ci */ ;
/*!50003 SET @saved_sql_mode       = @@sql_mode */ ;
/*!50003 SET sql_mode              = 'IGNORE_SPACE,ONLY_FULL_GROUP_BY,STRICT_TRANS_TABLES,NO_ZERO_IN_DATE,NO_ZERO_DATE,ERROR_FOR_DIVISION_BY_ZERO,NO_ENGINE_SUBSTITUTION' */ ;
DELIMITER ;;
CREATE DEFINER=`root`@`localhost` PROCEDURE `RestoreHospitalData`()
BEGIN
    -- 1. Declare variables first
    DECLARE done INT DEFAULT 0;
    DECLARE dID INT;
    DECLARE dName VARCHAR(200);
    DECLARE cur CURSOR FOR SELECT DoctorID, DoctorName FROM Doctors;
    DECLARE CONTINUE HANDLER FOR NOT FOUND SET done = 1;

    -- 2. Disable foreign key checks
    SET FOREIGN_KEY_CHECKS = 0;

    -- 3. Temporarily disable triggers for Doctors to avoid auto-insert into SystemUsers
    DROP TRIGGER IF EXISTS after_doctor_insert;

    -- 4. Truncate all main tables including SystemUsers
    TRUNCATE TABLE SystemUsers;
    TRUNCATE TABLE Patients;
    TRUNCATE TABLE Visits;
    TRUNCATE TABLE Medications;
    TRUNCATE TABLE Billing;
    TRUNCATE TABLE TestResults;
    TRUNCATE TABLE MedicalConditions;
    TRUNCATE TABLE Doctors;

    -- 5. Restore data from backup tables
    INSERT INTO Doctors SELECT * FROM Doctors_Backup;
    INSERT INTO Patients SELECT * FROM Patient_Backup;
    INSERT INTO Visits SELECT * FROM Visits_Backup;
    INSERT INTO Medications SELECT * FROM Medications_Backup;
    INSERT INTO Billing SELECT * FROM Billing_Backup;
    INSERT INTO TestResults SELECT * FROM TestResults_Backup;
    INSERT INTO MedicalConditions SELECT * FROM MedicalConditions_Backup;

    -- 6. Recreate SystemUsers for doctors automatically using cursor
    OPEN cur;

    doctor_loop: LOOP
        FETCH cur INTO dID, dName;
        IF done THEN
            LEAVE doctor_loop;
        END IF;

        INSERT INTO SystemUsers (Username, Password, Role, DoctorID)
        VALUES (
            CONCAT('doc_', dID, '_', REPLACE(dName,' ','_')),
            SHA2(CONCAT('Doc', dID, '@123'), 256),
            'Doctor',
            dID
        );
    END LOOP;

    CLOSE cur;

    -- 7. Re-enable foreign key checks
    SET FOREIGN_KEY_CHECKS = 1;

    SELECT 'Recovery completed successfully' AS status;
END ;;
DELIMITER ;
/*!50003 SET sql_mode              = @saved_sql_mode */ ;
/*!50003 SET character_set_client  = @saved_cs_client */ ;
/*!50003 SET character_set_results = @saved_cs_results */ ;
/*!50003 SET collation_connection  = @saved_col_connection */ ;
/*!50003 DROP PROCEDURE IF EXISTS `SetUserRoleAccess` */;
/*!50003 SET @saved_cs_client      = @@character_set_client */ ;
/*!50003 SET @saved_cs_results     = @@character_set_results */ ;
/*!50003 SET @saved_col_connection = @@collation_connection */ ;
/*!50003 SET character_set_client  = utf8mb4 */ ;
/*!50003 SET character_set_results = utf8mb4 */ ;
/*!50003 SET collation_connection  = utf8mb4_unicode_ci */ ;
/*!50003 SET @saved_sql_mode       = @@sql_mode */ ;
/*!50003 SET sql_mode              = 'IGNORE_SPACE,ONLY_FULL_GROUP_BY,STRICT_TRANS_TABLES,NO_ZERO_IN_DATE,NO_ZERO_DATE,ERROR_FOR_DIVISION_BY_ZERO,NO_ENGINE_SUBSTITUTION' */ ;
DELIMITER ;;
CREATE DEFINER=`root`@`localhost` PROCEDURE `SetUserRoleAccess`(
    IN p_TargetUsername VARCHAR(100),   -- SystemUsers username
    IN p_AdminUsername VARCHAR(100)     -- requesting admin
)
BEGIN
    DECLARE callerRole VARCHAR(50);
    DECLARE targetRole VARCHAR(50);
    DECLARE hostPart VARCHAR(50) DEFAULT 'localhost';
    DECLARE userExists INT;

    -- Verify admin rights
    SELECT Role INTO callerRole FROM SystemUsers WHERE Username = p_AdminUsername LIMIT 1;
    IF callerRole <> 'Admin' THEN
        SIGNAL SQLSTATE '45000'
        SET MESSAGE_TEXT = 'Access denied: Only Admins can assign privileges.';
    END IF;

    -- Check target role
    SELECT Role INTO targetRole FROM SystemUsers WHERE Username = p_TargetUsername LIMIT 1;
    IF targetRole IS NULL THEN
        SIGNAL SQLSTATE '45000'
        SET MESSAGE_TEXT = 'Target user does not exist in SystemUsers.';
    END IF;

    -- Check if MySQL user exists
    SELECT COUNT(*) INTO userExists
    FROM mysql.user
    WHERE user = p_TargetUsername AND host = hostPart;

    IF userExists = 0 THEN
        -- If MySQL user does not exist, create it with default password
        SET @pwd := 'Temp@123';
        SET @create := CONCAT('CREATE USER IF NOT EXISTS \'', p_TargetUsername, '\'@\'', hostPart, '\' IDENTIFIED BY \'', @pwd, '\';');
        PREPARE stmt FROM @create; EXECUTE stmt; DEALLOCATE PREPARE stmt;
    ELSE
        -- Revoke all privileges first
        SET @rev := CONCAT('REVOKE ALL PRIVILEGES, GRANT OPTION FROM \'', p_TargetUsername, '\'@\'', hostPart, '\';');
        PREPARE stmt FROM @rev; EXECUTE stmt; DEALLOCATE PREPARE stmt;
    END IF;

    SET @u := CONCAT('\'', p_TargetUsername, '\'@\'', hostPart, '\'');

    -- Assign role-based privileges
    IF targetRole = 'Doctor' THEN
        SET @q = CONCAT('GRANT SELECT ON hospital_system.DoctorPatientView TO ', @u);
        PREPARE stmt FROM @q; EXECUTE stmt; DEALLOCATE PREPARE stmt;
        SET @q = CONCAT('GRANT INSERT, UPDATE ON hospital_system.Medications TO ', @u);
        PREPARE stmt FROM @q; EXECUTE stmt; DEALLOCATE PREPARE stmt;
        SET @q = CONCAT('GRANT INSERT, UPDATE ON hospital_system.MedicalConditions TO ', @u);
        PREPARE stmt FROM @q; EXECUTE stmt; DEALLOCATE PREPARE stmt;

    ELSEIF targetRole = 'BillingClerk' THEN
        SET @q = CONCAT('GRANT SELECT ON hospital_system.BillingClerkView TO ', @u);
        PREPARE stmt FROM @q; EXECUTE stmt; DEALLOCATE PREPARE stmt;
        SET @q = CONCAT('GRANT INSERT, UPDATE ON hospital_system.Billing TO ', @u);
        PREPARE stmt FROM @q; EXECUTE stmt; DEALLOCATE PREPARE stmt;

    ELSEIF targetRole = 'LabTech' THEN
        SET @q = CONCAT('GRANT SELECT ON hospital_system.LabTechView TO ', @u);
        PREPARE stmt FROM @q; EXECUTE stmt; DEALLOCATE PREPARE stmt;
        SET @q = CONCAT('GRANT INSERT, UPDATE ON hospital_system.TestResults TO ', @u);
        PREPARE stmt FROM @q; EXECUTE stmt; DEALLOCATE PREPARE stmt;

    ELSEIF targetRole = 'Receptionist' THEN
        SET @q = CONCAT('GRANT SELECT ON hospital_system.ReceptionistView TO ', @u);
        PREPARE stmt FROM @q; EXECUTE stmt; DEALLOCATE PREPARE stmt;
        SET @q = CONCAT('GRANT EXECUTE ON PROCEDURE hospital_system.InsertPatientVisit TO ', @u);
        PREPARE stmt FROM @q; EXECUTE stmt; DEALLOCATE PREPARE stmt;
        SET @q = CONCAT('GRANT INSERT ON hospital_system.Patients TO ', @u);
        PREPARE stmt FROM @q; EXECUTE stmt; DEALLOCATE PREPARE stmt;
        SET @q = CONCAT('GRANT INSERT ON hospital_system.Visits TO ', @u);
        PREPARE stmt FROM @q; EXECUTE stmt; DEALLOCATE PREPARE stmt;

    ELSEIF targetRole = 'Admin' THEN
        SET @q = CONCAT('GRANT ALL PRIVILEGES ON hospital_system.* TO ', @u);
        PREPARE stmt FROM @q; EXECUTE stmt; DEALLOCATE PREPARE stmt;
    END IF;

    FLUSH PRIVILEGES;
END ;;
DELIMITER ;
/*!50003 SET sql_mode              = @saved_sql_mode */ ;
/*!50003 SET character_set_client  = @saved_cs_client */ ;
/*!50003 SET character_set_results = @saved_cs_results */ ;
/*!50003 SET collation_connection  = @saved_col_connection */ ;

--
-- Final view structure for view `billingclerkview`
--

/*!50001 DROP VIEW IF EXISTS `billingclerkview`*/;
/*!50001 SET @saved_cs_client          = @@character_set_client */;
/*!50001 SET @saved_cs_results         = @@character_set_results */;
/*!50001 SET @saved_col_connection     = @@collation_connection */;
/*!50001 SET character_set_client      = utf8mb4 */;
/*!50001 SET character_set_results     = utf8mb4 */;
/*!50001 SET collation_connection      = utf8mb4_unicode_ci */;
/*!50001 CREATE ALGORITHM=UNDEFINED */
/*!50013 DEFINER=`root`@`localhost` SQL SECURITY DEFINER */
/*!50001 VIEW `billingclerkview` AS select `b`.`BillingID` AS `BillingID`,`v`.`VisitID` AS `VisitID`,`p`.`PatientID` AS `PatientID`,`p`.`Name` AS `PatientName`,`b`.`BillingAmount` AS `BillingAmount`,`b`.`InsuranceProvider` AS `InsuranceProvider`,`v`.`DateOfAdmission` AS `DateOfAdmission`,`m`.`MedicationName` AS `MedicationName` from (((`billing` `b` join `visits` `v` on((`b`.`VisitID` = `v`.`VisitID`))) join `patients` `p` on((`v`.`PatientID` = `p`.`PatientID`))) left join `medications` `m` on((`v`.`VisitID` = `m`.`VisitID`))) */;
/*!50001 SET character_set_client      = @saved_cs_client */;
/*!50001 SET character_set_results     = @saved_cs_results */;
/*!50001 SET collation_connection      = @saved_col_connection */;

--
-- Final view structure for view `doctorpatientview`
--

/*!50001 DROP VIEW IF EXISTS `doctorpatientview`*/;
/*!50001 SET @saved_cs_client          = @@character_set_client */;
/*!50001 SET @saved_cs_results         = @@character_set_results */;
/*!50001 SET @saved_col_connection     = @@collation_connection */;
/*!50001 SET character_set_client      = utf8mb4 */;
/*!50001 SET character_set_results     = utf8mb4 */;
/*!50001 SET collation_connection      = utf8mb4_unicode_ci */;
/*!50001 CREATE ALGORITHM=UNDEFINED */
/*!50013 DEFINER=`root`@`localhost` SQL SECURITY DEFINER */
/*!50001 VIEW `doctorpatientview` AS select `p`.`PatientID` AS `PatientID`,`p`.`Name` AS `PatientName`,`p`.`Age` AS `Age`,`p`.`Gender` AS `Gender`,`p`.`BloodType` AS `BloodType`,`v`.`VisitID` AS `VisitID`,`v`.`DateOfAdmission` AS `DateOfAdmission`,`v`.`DischargeDate` AS `DischargeDate`,`v`.`AdmissionType` AS `AdmissionType`,`v`.`RoomNumber` AS `RoomNumber`,`mc`.`ConditionName` AS `ConditionName`,`m`.`MedicationName` AS `MedicationName`,`tr`.`TestResult` AS `TestResult` from ((((`patients` `p` join `visits` `v` on((`p`.`PatientID` = `v`.`PatientID`))) left join `medicalconditions` `mc` on((`p`.`PatientID` = `mc`.`PatientID`))) left join `medications` `m` on((`v`.`VisitID` = `m`.`VisitID`))) left join `testresults` `tr` on((`v`.`VisitID` = `tr`.`VisitID`))) */;
/*!50001 SET character_set_client      = @saved_cs_client */;
/*!50001 SET character_set_results     = @saved_cs_results */;
/*!50001 SET collation_connection      = @saved_col_connection */;

--
-- Final view structure for view `labtechview`
--

/*!50001 DROP VIEW IF EXISTS `labtechview`*/;
/*!50001 SET @saved_cs_client          = @@character_set_client */;
/*!50001 SET @saved_cs_results         = @@character_set_results */;
/*!50001 SET @saved_col_connection     = @@collation_connection */;
/*!50001 SET character_set_client      = utf8mb4 */;
/*!50001 SET character_set_results     = utf8mb4 */;
/*!50001 SET collation_connection      = utf8mb4_unicode_ci */;
/*!50001 CREATE ALGORITHM=UNDEFINED */
/*!50013 DEFINER=`root`@`localhost` SQL SECURITY DEFINER */
/*!50001 VIEW `labtechview` AS select `tr`.`TestResultID` AS `TestResultID`,`v`.`VisitID` AS `VisitID`,`p`.`PatientID` AS `PatientID`,`p`.`Name` AS `PatientName`,`tr`.`TestResult` AS `TestResult`,`v`.`DateOfAdmission` AS `DateOfAdmission` from ((`testresults` `tr` join `visits` `v` on((`tr`.`VisitID` = `v`.`VisitID`))) join `patients` `p` on((`v`.`PatientID` = `p`.`PatientID`))) */;
/*!50001 SET character_set_client      = @saved_cs_client */;
/*!50001 SET character_set_results     = @saved_cs_results */;
/*!50001 SET collation_connection      = @saved_col_connection */;

--
-- Final view structure for view `receptionistview`
--

/*!50001 DROP VIEW IF EXISTS `receptionistview`*/;
/*!50001 SET @saved_cs_client          = @@character_set_client */;
/*!50001 SET @saved_cs_results         = @@character_set_results */;
/*!50001 SET @saved_col_connection     = @@collation_connection */;
/*!50001 SET character_set_client      = utf8mb4 */;
/*!50001 SET character_set_results     = utf8mb4 */;
/*!50001 SET collation_connection      = utf8mb4_unicode_ci */;
/*!50001 CREATE ALGORITHM=UNDEFINED */
/*!50013 DEFINER=`root`@`localhost` SQL SECURITY DEFINER */
/*!50001 VIEW `receptionistview` AS select `p`.`PatientID` AS `PatientID`,`p`.`Name` AS `PatientName`,`p`.`Age` AS `Age`,`p`.`Gender` AS `Gender`,`v`.`VisitID` AS `VisitID`,`v`.`DateOfAdmission` AS `DateOfAdmission`,`v`.`DischargeDate` AS `DischargeDate`,`v`.`AdmissionType` AS `AdmissionType`,`v`.`RoomNumber` AS `RoomNumber`,`h`.`HospitalName` AS `HospitalName` from ((`patients` `p` join `visits` `v` on((`p`.`PatientID` = `v`.`PatientID`))) join `hospitals` `h` on((`v`.`HospitalID` = `h`.`HospitalID`))) */;
/*!50001 SET character_set_client      = @saved_cs_client */;
/*!50001 SET character_set_results     = @saved_cs_results */;
/*!50001 SET collation_connection      = @saved_col_connection */;
/*!40103 SET TIME_ZONE=@OLD_TIME_ZONE */;

/*!40101 SET SQL_MODE=@OLD_SQL_MODE */;
/*!40014 SET FOREIGN_KEY_CHECKS=@OLD_FOREIGN_KEY_CHECKS */;
/*!40014 SET UNIQUE_CHECKS=@OLD_UNIQUE_CHECKS */;
/*!40101 SET CHARACTER_SET_CLIENT=@OLD_CHARACTER_SET_CLIENT */;
/*!40101 SET CHARACTER_SET_RESULTS=@OLD_CHARACTER_SET_RESULTS */;
/*!40101 SET COLLATION_CONNECTION=@OLD_COLLATION_CONNECTION */;
/*!40111 SET SQL_NOTES=@OLD_SQL_NOTES */;

-- Dump completed on 2025-12-08 16:51:11
